date,min_edst,max_kp,category
2014-01-01,nan,3.67,missing
2014-01-02,nan,4.33,missing
2014-01-03,nan,3.0,missing
2014-01-04,-25.62890625,2.33,quiet
2014-01-05,-13.6484375,1.33,quiet
2014-01-06,nan,1.33,missing
2014-01-07,-14.2841796875,3.33,quiet
2014-01-08,-31.48828125,3.33,disturbance
2014-01-09,-33.345703125,3.0,disturbance
2014-01-10,-22.8671875,2.0,quiet
2014-01-11,-16.83203125,2.33,quiet
2014-01-12,nan,3.33,missing
2014-01-13,nan,3.0,missing
2014-01-14,-20.1875,3.33,quiet
2014-01-15,-18.740234375,1.67,quiet
2014-01-16,-11.861328125,1.0,quiet
2014-01-17,-14.166666666666666,1.67,quiet
2014-01-18,nan,1.0,missing
2014-01-19,nan,0.33,missing
2014-01-20,nan,0.67,missing
2014-01-21,nan,2.67,missing
2014-01-22,nan,3.33,missing
2014-01-23,nan,2.33,missing
2014-01-24,nan,3.0,missing
2014-01-25,nan,3.0,missing
2014-01-26,-31.779296875,2.67,disturbance
2014-01-27,-21.548828125,1.67,quiet
2014-01-28,nan,2.33,missing
2014-01-29,nan,2.0,missing
2014-01-30,nan,2.33,missing
2014-01-31,nan,0.67,missing
2014-02-01,nan,2.67,missing
2014-02-02,-26.669921875,2.0,quiet
2014-02-03,nan,2.33,missing
2014-02-04,-17.8251953125,1.67,quiet
2014-02-05,nan,2.0,missing
2014-02-06,nan,3.0,missing
2014-02-07,nan,4.0,missing
2014-02-08,-35.660807291666664,4.67,disturbance
2014-02-09,-33.1669921875,4.0,disturbance
2014-02-10,nan,3.67,missing
2014-02-11,nan,2.67,missing
2014-02-12,nan,3.0,missing
2014-02-13,nan,0.67,missing
2014-02-14,nan,1.67,missing
2014-02-15,nan,4.33,missing
2014-02-16,nan,5.0,missing
2014-02-17,nan,2.33,missing
2014-02-18,nan,2.67,missing
2014-02-19,nan,6.33,missing
2014-02-20,nan,6.0,missing
2014-02-21,nan,3.0,missing
2014-02-22,nan,4.33,missing
2014-02-23,nan,4.33,missing
2014-02-24,nan,2.0,missing
2014-02-25,-46.7353515625,2.0,disturbance
2014-02-26,nan,1.67,missing
2014-02-27,-131.20638020833334,5.33,disturbance
2014-02-28,-79.65234375,4.0,disturbance
2014-03-01,nan,2.67,missing
2014-03-02,nan,3.33,missing
2014-03-03,nan,2.33,missing
2014-03-04,-10.96875,2.33,quiet
2014-03-05,-131.880859375,2.0,disturbance
2014-03-06,-85.419921875,2.67,disturbance
2014-03-07,-36.13671875,1.0,disturbance
2014-03-08,-30.685267857142858,0.67,disturbance
2014-03-09,-20.847005208333332,0.67,quiet
2014-03-10,-67.06591796875,2.0,disturbance
2014-03-11,nan,1.0,missing
2014-03-12,-37.244791666666664,2.67,disturbance
2014-03-13,-47.841796875,4.0,disturbance
2014-03-14,-33.645089285714285,2.0,disturbance
2014-03-15,nan,2.0,missing
2014-03-16,-22.69921875,0.67,quiet
2014-03-17,-35.134765625,1.33,disturbance
2014-03-18,nan,1.67,missing
2014-03-19,-23.734375,1.67,quiet
2014-03-20,nan,2.33,missing
2014-03-21,-51.117838541666664,3.0,disturbance
2014-03-22,-31.2109375,2.0,disturbance
2014-03-23,-53.16162109375,2.0,disturbance
2014-03-24,-14.03515625,1.67,quiet
2014-03-25,-23.486979166666668,3.33,quiet
2014-03-26,-45.10400390625,3.67,disturbance
2014-03-27,-27.401506696428573,2.0,quiet
2014-03-28,-37.042317708333336,3.0,disturbance
2014-03-29,-31.693359375,3.0,disturbance
2014-03-30,nan,2.0,missing
2014-03-31,-31.012834821428573,2.67,disturbance
2014-04-01,-30.361607142857142,2.33,disturbance
2014-04-02,-17.5380859375,1.33,quiet
2014-04-03,nan,2.0,missing
2014-04-04,-49.4013671875,2.33,disturbance
2014-04-05,nan,3.67,missing
2014-04-06,-15.78125,2.0,quiet
2014-04-07,-34.392578125,4.0,disturbance
2014-04-08,nan,2.0,missing
2014-04-09,-13.912109375,1.67,quiet
2014-04-10,nan,0.67,missing
2014-04-11,nan,3.67,missing
2014-04-12,nan,4.67,missing
2014-04-13,nan,4.0,missing
2014-04-14,nan,3.0,missing
2014-04-15,-23.65625,2.33,quiet
2014-04-16,nan,2.0,missing
2014-04-17,-40.0234375,3.67,disturbance
2014-04-18,nan,2.67,missing
2014-04-19,nan,3.67,missing
2014-04-20,nan,5.0,missing
2014-04-21,nan,4.0,missing
2014-04-22,nan,1.67,missing
2014-04-23,nan,2.0,missing
2014-04-24,nan,3.33,missing
2014-04-25,nan,3.33,missing
2014-04-26,nan,2.33,missing
2014-04-27,nan,1.67,missing
2014-04-28,nan,2.33,missing
2014-04-29,-21.360026041666668,3.33,quiet
2014-04-30,-79.14375,4.0,disturbance
2014-05-01,-38.607421875,2.33,disturbance
2014-05-02,-51.77734375,1.67,disturbance
2014-05-03,-42.060546875,3.0,disturbance
2014-05-04,-46.6328125,4.33,disturbance
2014-05-05,-32.56640625,3.0,disturbance
2014-05-06,nan,0.67,missing
2014-05-07,-9.234049479166666,2.0,quiet
2014-05-08,nan,4.67,missing
2014-05-09,-51.182291666666664,3.0,disturbance
2014-05-10,-20.1962890625,3.0,quiet
2014-05-11,-29.140625,3.67,quiet
2014-05-12,-22.3359375,2.33,quiet
2014-05-13,nan,1.0,missing
2014-05-14,nan,2.0,missing
2014-05-15,-27.445963541666668,1.67,quiet
2014-05-16,nan,2.0,missing
2014-05-17,nan,1.33,missing
2014-05-18,nan,1.67,missing
2014-05-19,nan,1.67,missing
2014-05-20,nan,1.33,missing
2014-05-21,nan,0.33,missing
2014-05-22,nan,3.33,missing
2014-05-23,nan,5.33,missing
2014-05-24,nan,1.67,missing
2014-05-25,nan,1.33,missing
2014-05-26,nan,1.0,missing
2014-05-27,nan,1.67,missing
2014-05-28,nan,1.33,missing
2014-05-29,nan,2.67,missing
2014-05-30,nan,4.33,missing
2014-05-31,nan,1.0,missing
2014-06-01,-57.75732421875,1.0,disturbance
2014-06-02,-13.259765625,2.33,quiet
2014-06-03,-53.90234375,3.33,disturbance
2014-06-04,-17.770833333333332,2.0,quiet
2014-06-05,nan,2.67,missing
2014-06-06,nan,2.0,missing
2014-06-07,nan,4.0,missing
2014-06-08,-51.314453125,6.33,disturbance
2014-06-09,-25.290178571428573,2.33,quiet
2014-06-10,-32.92626953125,2.33,disturbance
2014-06-11,-47.444140625,2.33,disturbance
2014-06-12,-25.8515625,1.33,quiet
2014-06-13,-10.516276041666666,1.67,quiet
2014-06-14,-44.89306640625,2.67,disturbance
2014-06-15,-11.14765625,1.0,quiet
2014-06-16,-17.1318359375,2.0,quiet
2014-06-17,-28.37478298611111,3.33,quiet
2014-06-18,-30.00390625,4.67,disturbance
2014-06-19,-24.525390625,3.0,quiet
2014-06-20,-19.916666666666668,3.0,quiet
2014-06-21,nan,2.0,missing
2014-06-22,nan,1.33,missing
2014-06-23,-28.25,3.0,quiet
2014-06-24,-17.853515625,2.67,quiet
2014-06-25,nan,2.0,missing
2014-06-26,nan,2.33,missing
2014-06-27,nan,1.33,missing
2014-06-28,nan,2.67,missing
2014-06-29,nan,3.0,missing
2014-06-30,nan,3.0,missing
2014-07-01,nan,1.33,missing
2014-07-02,nan,1.67,missing
2014-07-03,nan,2.0,missing
2014-07-04,nan,1.67,missing
2014-07-05,nan,2.0,missing
2014-07-06,nan,1.33,missing
2014-07-07,nan,2.0,missing
2014-07-08,nan,2.33,missing
2014-07-09,nan,2.67,missing
2014-07-10,nan,3.0,missing
2014-07-11,-9.092447916666666,2.0,quiet
2014-07-12,nan,2.33,missing
2014-07-13,nan,2.0,missing
2014-07-14,nan,3.33,missing
2014-07-15,nan,2.33,missing
2014-07-16,nan,1.33,missing
2014-07-17,nan,1.67,missing
2014-07-18,nan,0.67,missing
2014-07-19,-8.314453125,1.0,quiet
2014-07-20,-17.705078125,1.33,quiet
2014-07-21,-42.654296875,1.67,disturbance
2014-07-22,-30.318359375,2.33,disturbance
2014-07-23,-9.522135416666666,2.67,quiet
2014-07-24,-15.76953125,2.0,quiet
2014-07-25,-14.224609375,2.67,quiet
2014-07-26,nan,2.0,missing
2014-07-27,-31.882533482142858,1.67,disturbance
2014-07-28,-21.853515625,3.0,quiet
2014-07-29,-22.25,1.33,quiet
2014-07-30,-9.1552734375,2.33,quiet
2014-07-31,-15.470052083333334,2.0,quiet
2014-08-01,-19.10390625,3.33,quiet
2014-08-02,-34.6109375,3.33,disturbance
2014-08-03,-29.258928571428573,3.0,quiet
2014-08-04,-28.70703125,3.33,quiet
2014-08-05,nan,2.67,missing
2014-08-06,-32.0400390625,2.67,disturbance
2014-08-07,-26.909598214285715,1.67,quiet
2014-08-08,-25.080078125,3.33,quiet
2014-08-09,nan,1.33,missing
2014-08-10,-22.872314453125,3.67,quiet
2014-08-11,nan,3.33,missing
2014-08-12,-22.626953125,4.33,disturbance
2014-08-13,nan,2.0,missing
2014-08-14,nan,2.0,missing
2014-08-15,-15.076450892857142,1.33,quiet
2014-08-16,-8.5732421875,0.67,quiet
2014-08-17,-20.396484375,2.67,quiet
2014-08-18,-10.4091796875,2.0,quiet
2014-08-19,nan,5.33,missing
2014-08-20,nan,2.33,missing
2014-08-21,nan,3.0,missing
2014-08-22,nan,2.0,missing
2014-08-23,nan,2.0,missing
2014-08-24,nan,1.33,missing
2014-08-25,-11.066731770833334,0.67,quiet
2014-08-26,nan,1.33,missing
2014-08-27,nan,4.33,missing
2014-08-28,nan,4.67,missing
2014-08-29,nan,4.0,missing
2014-08-30,nan,3.67,missing
2014-08-31,nan,4.0,missing
2014-09-01,nan,3.0,missing
2014-09-02,nan,3.0,missing
2014-09-03,-20.12109375,3.33,quiet
2014-09-04,-25.896484375,2.67,quiet
2014-09-05,nan,2.67,missing
2014-09-06,-31.388671875,3.33,disturbance
2014-09-07,-46.421875,3.0,disturbance
2014-09-08,-13.283203125,2.0,quiet
2014-09-09,-12.930989583333334,2.33,quiet
2014-09-10,-10.43359375,3.0,quiet
2014-09-11,-23.382421875,3.67,quiet
2014-09-12,nan,6.33,missing
2014-09-13,-55.75390625,4.0,disturbance
2014-09-14,nan,0.67,missing
2014-09-15,-8.935546875,1.0,quiet
2014-09-16,-15.83828125,2.67,quiet
2014-09-17,nan,2.0,missing
2014-09-18,nan,2.67,missing
2014-09-19,-52.767578125,4.67,disturbance
2014-09-20,nan,2.33,missing
2014-09-21,nan,3.0,missing
2014-09-22,nan,2.67,missing
2014-09-23,-33.926432291666664,3.0,disturbance
2014-09-24,nan,4.0,missing
2014-09-25,nan,3.67,missing
2014-09-26,-42.022786458333336,4.0,disturbance
2014-09-27,nan,4.33,missing
2014-09-28,-28.521484375,2.33,quiet
2014-09-29,-16.893229166666668,3.67,quiet
2014-09-30,-29.38671875,4.0,disturbance
2014-10-01,-24.666015625,4.0,disturbance
2014-10-02,-11.3564453125,2.33,quiet
2014-10-03,-21.1220703125,2.33,quiet
2014-10-04,-24.5546875,2.0,quiet
2014-10-05,-20.465169270833332,1.67,quiet
2014-10-06,-25.8984375,2.67,quiet
2014-10-07,-23.35546875,3.0,quiet
2014-10-08,-28.647135416666668,3.0,quiet
2014-10-09,-39.7314453125,4.0,disturbance
2014-10-10,-24.529296875,3.33,quiet
2014-10-11,-46.462673611111114,3.0,disturbance
2014-10-12,-18.91015625,1.33,quiet
2014-10-13,-14.11015625,2.67,quiet
2014-10-14,-64.3779296875,5.0,disturbance
2014-10-15,-44.41796875,4.0,disturbance
2014-10-16,-23.186767578125,3.0,quiet
2014-10-17,-27.4951171875,3.0,quiet
2014-10-18,-26.5419921875,4.0,disturbance
2014-10-19,-28.432291666666668,3.33,quiet
2014-10-20,-47.77663352272727,5.0,disturbance
2014-10-21,-21.3955078125,3.67,quiet
2014-10-22,-21.791015625,3.67,quiet
2014-10-23,-28.6943359375,3.33,quiet
2014-10-24,-23.035807291666668,3.67,quiet
2014-10-25,-30.598366477272727,3.0,disturbance
2014-10-26,-39.60316051136363,3.0,disturbance
2014-10-27,-35.92529296875,4.0,disturbance
2014-10-28,-26.75830078125,3.67,quiet
2014-10-29,-18.388671875,3.33,quiet
2014-10-30,-20.788330078125,2.0,quiet
2014-10-31,-19.259440104166668,2.33,quiet
2014-11-01,-25.236328125,2.67,quiet
2014-11-02,-28.40576171875,3.33,quiet
2014-11-03,-15.397135416666666,2.0,quiet
2014-11-04,-68.79942908653847,4.67,disturbance
2014-11-05,-31.505859375,3.67,disturbance
2014-11-06,-21.0576171875,3.0,quiet
2014-11-07,-22.176171875,3.33,quiet
2014-11-08,-17.603515625,3.0,quiet
2014-11-09,-29.638521634615383,2.67,quiet
2014-11-10,-55.87109375,4.33,disturbance
2014-11-11,-30.54296875,4.67,disturbance
2014-11-12,-35.533203125,3.67,disturbance
2014-11-13,-19.024088541666668,1.67,quiet
2014-11-14,-22.435546875,3.33,quiet
2014-11-15,-27.388671875,4.33,disturbance
2014-11-16,-22.4033203125,4.0,disturbance
2014-11-17,-23.754083806818183,3.33,quiet
2014-11-18,-32.19069602272727,3.0,disturbance
2014-11-19,-31.539007822672527,3.33,disturbance
2014-11-20,nan,3.33,missing
2014-11-21,-27.27517361111111,3.67,quiet
2014-11-22,-16.802734375,3.33,quiet
2014-11-23,-20.109765625,2.67,quiet
2014-11-24,-47.36279296875,2.33,disturbance
2014-11-25,nan,2.0,missing
2014-11-26,nan,2.0,missing
2014-11-27,nan,2.67,missing
2014-11-28,nan,2.33,missing
2014-11-29,-15.905078125,1.33,quiet
2014-11-30,-28.22021484375,2.67,quiet
2014-12-01,-37.558203125,3.67,disturbance
2014-12-02,-20.1015625,3.0,quiet
2014-12-03,-29.182942708333332,2.67,quiet
2014-12-04,-26.874186197916668,3.67,quiet
2014-12-05,-18.373046875,3.33,quiet
2014-12-06,-48.981770833333336,3.67,disturbance
2014-12-07,-32.940625,4.67,disturbance
2014-12-08,-26.562109375,4.0,disturbance
2014-12-09,nan,4.0,missing
2014-12-10,-19.134765625,3.33,quiet
2014-12-11,-24.975911458333332,2.33,quiet
2014-12-12,-43.624837239583336,4.33,disturbance
2014-12-13,-13.177734375,2.67,quiet
2014-12-14,nan,3.33,missing
2014-12-15,-29.0451171875,3.33,quiet
2014-12-16,-26.1146484375,2.67,quiet
2014-12-17,-18.8046875,2.67,quiet
2014-12-18,-15.33203125,2.33,quiet
2014-12-19,-18.469140625,2.67,quiet
2014-12-20,-19.345703125,2.67,quiet
2014-12-21,-32.28125,3.67,disturbance
2014-12-22,-53.0224609375,5.33,disturbance
2014-12-23,-74.81005859375,4.0,disturbance
2014-12-24,-34.77197265625,4.0,disturbance
2014-12-25,-20.170572916666668,3.67,quiet
2014-12-26,-31.727864583333332,4.67,disturbance
2014-12-27,-34.12890625,3.33,disturbance
2014-12-28,-18.458705357142858,3.67,quiet
2014-12-29,-39.510546875,4.67,disturbance
2014-12-30,-30.9619140625,4.0,disturbance
2014-12-31,-20.0203125,3.33,quiet
2015-01-01,-13.96044921875,2.33,quiet
2015-01-02,-46.835546875,4.0,disturbance
2015-01-03,-35.6962890625,4.67,disturbance
2015-01-04,-56.170703125,5.0,disturbance
2015-01-05,-57.962890625,5.33,disturbance
2015-01-06,-29.1337890625,3.67,quiet
2015-01-07,-135.25,6.33,disturbance
2015-01-08,-35.108072916666664,4.0,disturbance
2015-01-09,-19.478515625,2.33,quiet
2015-01-10,-20.138671875,3.33,quiet
2015-01-11,-13.84375,3.0,quiet
2015-01-12,-23.28168402777778,2.67,quiet
2015-01-13,-23.1279296875,2.67,quiet
2015-01-14,-16.4013671875,2.67,quiet
2015-01-15,-26.066162109375,3.0,quiet
2015-01-16,-18.810546875,3.0,quiet
2015-01-17,-21.059244791666668,3.0,quiet
2015-01-18,-19.563151041666668,2.33,quiet
2015-01-19,-21.69921875,2.33,quiet
2015-01-20,-28.177734375,1.33,quiet
2015-01-21,-42.670200892857146,3.67,disturbance
2015-01-22,-23.5302734375,3.67,quiet
2015-01-23,-16.49609375,3.0,quiet
2015-01-24,-23.433203125,2.33,quiet
2015-01-25,-14.630859375,2.67,quiet
2015-01-26,-45.4296875,4.0,disturbance
2015-01-27,-41.871744791666664,3.33,disturbance
2015-01-28,-15.919921875,3.0,quiet
2015-01-29,-26.84453125,3.67,quiet
2015-01-30,-27.498224431818183,3.33,quiet
2015-01-31,-27.92431640625,3.67,quiet
2015-02-01,-41.098828125,5.0,disturbance
2015-02-02,-43.400390625,5.0,disturbance
2015-02-03,-33.32421875,4.0,disturbance
2015-02-04,-20.479048295454547,3.0,quiet
2015-02-05,-25.437109375,3.33,quiet
2015-02-06,nan,2.67,missing
2015-02-07,nan,3.33,missing
2015-02-08,-32.044921875,3.0,disturbance
2015-02-09,-14.0859375,3.0,quiet
2015-02-10,-19.4287109375,3.0,quiet
2015-02-11,-24.969618055555557,3.0,quiet
2015-02-12,nan,2.0,missing
2015-02-13,nan,1.0,missing
2015-02-14,-15.392578125,1.67,quiet
2015-02-15,-31.754774305555557,3.0,disturbance
2015-02-16,-35.91650390625,2.67,disturbance
2015-02-17,-53.30322265625,5.0,disturbance
2015-02-18,-57.563151041666664,5.0,disturbance
2015-02-19,-28.818359375,3.0,quiet
2015-02-20,-22.40390625,2.0,quiet
2015-02-21,-32.022786458333336,2.67,disturbance
2015-02-22,-20.44140625,2.33,quiet
2015-02-23,-48.57208806818182,3.67,disturbance
2015-02-24,-47.589192708333336,5.33,disturbance
2015-02-25,nan,3.0,missing
2015-02-26,-14.0859375,1.67,quiet
2015-02-27,-11.880208333333334,1.33,quiet
2015-02-28,-47.40703125,3.67,disturbance
2015-03-01,-57.173828125,5.33,disturbance
2015-03-02,-39.505533854166664,5.33,disturbance
2015-03-03,-16.479817708333332,3.33,quiet
2015-03-04,-22.478515625,3.33,quiet
2015-03-05,-25.770089285714285,2.33,quiet
2015-03-06,-38.6328125,3.67,disturbance
2015-03-07,-32.486979166666664,4.33,disturbance
2015-03-08,-23.742919921875,3.67,quiet
2015-03-09,-24.390234375,3.33,quiet
2015-03-10,-11.964192708333334,1.67,quiet
2015-03-11,-33.3197265625,3.0,disturbance
2015-03-12,-27.9423828125,3.33,quiet
2015-03-13,-50.19683159722222,3.33,disturbance
2015-03-14,-21.417317708333332,2.33,quiet
2015-03-15,-22.829210069444443,2.67,quiet
2015-03-16,-32.399739583333336,3.67,disturbance
2015-03-17,nan,7.67,missing
2015-03-18,nan,6.0,missing
2015-03-19,nan,5.0,missing
2015-03-20,-32.702734375,4.67,disturbance
2015-03-21,-30.525390625,4.0,disturbance
2015-03-22,-35.991943359375,6.33,disturbance
2015-03-23,-35.165736607142854,4.33,disturbance
2015-03-24,-26.568359375,3.67,quiet
2015-03-25,nan,3.67,missing
2015-03-26,nan,3.0,missing
2015-03-27,-23.22808159722222,3.0,quiet
2015-03-28,nan,3.33,missing
2015-03-29,-31.8359375,4.0,disturbance
2015-03-30,nan,2.0,missing
2015-03-31,-23.025390625,3.0,quiet
2015-04-01,nan,3.0,missing
2015-04-02,nan,4.67,missing
2015-04-03,nan,3.33,missing
2015-04-04,nan,3.33,missing
2015-04-05,-19.5517578125,3.0,quiet
2015-04-06,nan,2.33,missing
2015-04-07,nan,2.33,missing
2015-04-08,nan,1.67,missing
2015-04-09,nan,3.0,missing
2015-04-10,-56.707682291666664,5.33,disturbance
2015-04-11,-50.89404296875,4.0,disturbance
2015-04-12,-16.251953125,1.33,quiet
2015-04-13,-32.8759765625,2.33,disturbance
2015-04-14,-54.21831597222222,4.33,disturbance
2015-04-15,nan,5.33,missing
2015-04-16,nan,6.0,missing
2015-04-17,nan,5.0,missing
2015-04-18,nan,3.33,missing
2015-04-19,-17.2626953125,3.0,quiet
2015-04-20,-35.733723958333336,3.0,disturbance
2015-04-21,-26.6328125,4.33,disturbance
2015-04-22,nan,3.33,missing
2015-04-23,-24.25390625,3.33,quiet
2015-04-24,-19.0068359375,2.33,quiet
2015-04-25,-14.2587890625,0.33,quiet
2015-04-26,nan,1.0,missing
2015-04-27,nan,1.67,missing
2015-04-28,-30.88720703125,2.33,disturbance
2015-04-29,nan,1.67,missing
2015-04-30,nan,2.33,missing
2015-05-01,nan,2.0,missing
2015-05-02,nan,3.0,missing
2015-05-03,nan,3.0,missing
2015-05-04,nan,2.67,missing
2015-05-05,-17.389892578125,2.33,quiet
2015-05-06,-51.97569444444444,5.33,disturbance
2015-05-07,-15.98779296875,2.33,quiet
2015-05-08,-21.66943359375,2.67,quiet
2015-05-09,-22.26220703125,2.67,quiet
2015-05-10,nan,3.67,missing
2015-05-11,nan,3.67,missing
2015-05-12,-42.57310267857143,3.33,disturbance
2015-05-13,-41.95166015625,5.67,disturbance
2015-05-14,nan,3.0,missing
2015-05-15,nan,2.33,missing
2015-05-16,-15.609375,1.67,quiet
2015-05-17,-12.95703125,2.0,quiet
2015-05-18,-77.11002604166667,5.33,disturbance
2015-05-19,nan,5.0,missing
2015-05-20,-15.6630859375,2.67,quiet
2015-05-21,nan,1.0,missing
2015-05-22,-10.2255859375,1.33,quiet
2015-05-23,-13.369140625,1.33,quiet
2015-05-24,nan,1.67,missing
2015-05-25,nan,0.67,missing
2015-05-26,nan,2.33,missing
2015-05-27,-15.34765625,2.33,quiet
2015-05-28,nan,2.33,missing
2015-05-29,nan,2.0,missing
2015-05-30,-7.712456597222222,2.0,quiet
2015-05-31,nan,1.67,missing
2015-06-01,-13.352399553571429,3.0,quiet
2015-06-02,nan,0.33,missing
2015-06-03,-13.83984375,1.33,quiet
2015-06-04,nan,1.0,missing
2015-06-05,-12.365885416666666,0.33,quiet
2015-06-06,nan,2.0,missing
2015-06-07,-26.020833333333332,3.0,quiet
2015-06-08,nan,6.0,missing
2015-06-09,-25.7734375,3.67,quiet
2015-06-10,-24.236328125,3.0,quiet
2015-06-11,-14.7412109375,3.0,quiet
2015-06-12,-30.5634765625,2.33,disturbance
2015-06-13,-15.86328125,2.67,quiet
2015-06-14,-34.796223958333336,4.33,disturbance
2015-06-15,nan,3.67,missing
2015-06-16,nan,3.0,missing
2015-06-17,-30.133370535714285,4.0,disturbance
2015-06-18,-20.7099609375,2.67,quiet
2015-06-19,nan,2.33,missing
2015-06-20,nan,0.33,missing
2015-06-21,-19.318359375,3.67,quiet
2015-06-22,nan,8.33,missing
2015-06-23,nan,7.67,missing
2015-06-24,nan,4.0,missing
2015-06-25,nan,5.67,missing
2015-06-26,-25.3486328125,2.67,quiet
2015-06-27,nan,2.67,missing
2015-06-28,nan,3.67,missing
2015-06-29,-11.576171875,2.0,quiet
2015-06-30,-16.283203125,2.33,quiet
2015-07-01,-11.391059027777779,2.0,quiet
2015-07-02,-8.0078125,0.67,quiet
2015-07-03,nan,0.67,missing
2015-07-04,nan,5.33,missing
2015-07-05,-52.896484375,5.33,disturbance
2015-07-06,nan,3.67,missing
2015-07-07,nan,2.0,missing
2015-07-08,-10.646484375,1.33,quiet
2015-07-09,-9.513950892857142,1.67,quiet
2015-07-10,nan,4.67,missing
2015-07-11,-31.552734375,4.67,disturbance
2015-07-12,nan,3.0,missing
2015-07-13,-56.0537109375,5.67,disturbance
2015-07-14,nan,3.0,missing
2015-07-15,-14.332682291666666,2.33,quiet
2015-07-16,nan,3.0,missing
2015-07-17,-18.9296875,1.33,quiet
2015-07-18,-10.034505208333334,1.33,quiet
2015-07-19,-16.08984375,0.67,quiet
2015-07-20,nan,1.33,missing
2015-07-21,nan,2.33,missing
2015-07-22,nan,3.0,missing
2015-07-23,nan,5.33,missing
2015-07-24,-18.0556640625,2.0,quiet
2015-07-25,nan,2.67,missing
2015-07-26,-40.348307291666664,2.67,disturbance
2015-07-27,nan,3.0,missing
2015-07-28,-24.758370535714285,3.0,quiet
2015-07-29,nan,1.67,missing
2015-07-30,nan,4.33,missing
2015-07-31,nan,3.67,missing
2015-08-01,nan,3.0,missing
2015-08-02,nan,3.33,missing
2015-08-03,-15.356770833333334,2.67,quiet
2015-08-04,-12.756640625,2.67,quiet
2015-08-05,nan,2.33,missing
2015-08-06,nan,3.33,missing
2015-08-07,-43.332589285714285,5.0,disturbance
2015-08-08,nan,3.0,missing
2015-08-09,nan,3.33,missing
2015-08-10,-17.8330078125,2.67,quiet
2015-08-11,nan,2.67,missing
2015-08-12,nan,3.33,missing
2015-08-13,nan,4.33,missing
2015-08-14,nan,1.0,missing
2015-08-15,nan,6.0,missing
2015-08-16,nan,5.67,missing
2015-08-17,nan,4.33,missing
2015-08-18,nan,3.0,missing
2015-08-19,nan,4.0,missing
2015-08-20,nan,3.33,missing
2015-08-21,nan,2.33,missing
2015-08-22,nan,3.33,missing
2015-08-23,-64.828125,5.33,disturbance
2015-08-24,nan,3.0,missing
2015-08-25,nan,2.67,missing
2015-08-26,nan,4.67,missing
2015-08-27,nan,6.33,missing
2015-08-28,-69.1982421875,5.67,disturbance
2015-08-29,-42.771484375,4.33,disturbance
2015-08-30,-10.3671875,1.67,quiet
2015-08-31,nan,1.67,missing
2015-09-01,nan,1.67,missing
2015-09-02,nan,3.0,missing
2015-09-03,nan,3.33,missing
2015-09-04,nan,4.33,missing
2015-09-05,nan,3.67,missing
2015-09-06,nan,4.0,missing
2015-09-07,-76.06640625,6.33,disturbance
2015-09-08,-95.92513020833333,6.0,disturbance
2015-09-09,-72.31119791666667,6.0,disturbance
2015-09-10,-50.6103515625,4.33,disturbance
2015-09-11,-70.37053571428571,7.0,disturbance
2015-09-12,-39.0126953125,4.33,disturbance
2015-09-13,-31.275390625,3.67,disturbance
2015-09-14,-28.193359375,4.67,disturbance
2015-09-15,-36.1767578125,4.0,disturbance
2015-09-16,-27.083984375,3.33,quiet
2015-09-17,-26.1025390625,4.33,disturbance
2015-09-18,-35.32275390625,3.33,disturbance
2015-09-19,-28.900390625,4.67,disturbance
2015-09-20,-82.212890625,7.0,disturbance
2015-09-21,-37.03125,3.33,disturbance
2015-09-22,-18.37109375,3.67,quiet
2015-09-23,nan,3.67,missing
2015-09-24,-22.6240234375,2.67,quiet
2015-09-25,-32.2109375,3.0,disturbance
2015-09-26,-11.826171875,2.0,quiet
2015-09-27,-13.3046875,1.33,quiet
2015-09-28,-19.79296875,1.67,quiet
2015-09-29,-30.291015625,2.67,disturbance
2015-09-30,-10.2470703125,0.67,quiet
2015-10-01,-36.0484375,3.67,disturbance
2015-10-02,-31.6046875,3.67,disturbance
2015-10-03,-31.20458984375,3.33,disturbance
2015-10-04,nan,4.33,missing
2015-10-05,-44.00390625,5.0,disturbance
2015-10-06,nan,4.33,missing
2015-10-07,-71.28580729166667,7.33,disturbance
2015-10-08,-58.9052734375,5.67,disturbance
2015-10-09,nan,4.67,missing
2015-10-10,-21.87890625,3.33,quiet
2015-10-11,-30.25,3.67,disturbance
2015-10-12,-33.3046875,5.0,disturbance
2015-10-13,-50.876953125,4.33,disturbance
2015-10-14,-50.09326171875,4.33,disturbance
2015-10-15,-41.4814453125,2.67,disturbance
2015-10-16,-30.029296875,2.67,disturbance
2015-10-17,-47.2578125,3.67,disturbance
2015-10-18,-65.0890625,4.67,disturbance
2015-10-19,-17.9052734375,1.67,quiet
2015-10-20,-25.624441964285715,2.67,quiet
2015-10-21,nan,3.67,missing
2015-10-22,-21.22265625,2.0,quiet
2015-10-23,-18.724888392857142,2.33,quiet
2015-10-24,-29.8662109375,3.67,quiet
2015-10-25,-18.5693359375,2.67,quiet
2015-10-26,nan,0.67,missing
2015-10-27,-11.0595703125,2.0,quiet
2015-10-28,-17.3525390625,1.0,quiet
2015-10-29,-29.8447265625,2.33,quiet
2015-10-30,nan,3.0,missing
2015-10-31,nan,2.67,missing
2015-11-01,-42.91015625,3.33,disturbance
2015-11-02,-22.7734375,2.67,quiet
2015-11-03,-87.87667410714286,5.0,disturbance
2015-11-04,-59.083984375,5.33,disturbance
2015-11-05,-14.74560546875,4.0,disturbance
2015-11-06,-35.703125,4.33,disturbance
2015-11-07,nan,6.0,missing
2015-11-08,-38.9609375,4.33,disturbance
2015-11-09,-43.779296875,4.67,disturbance
2015-11-10,-52.57421875,5.33,disturbance
2015-11-11,-24.77734375,4.67,disturbance
2015-11-12,-17.5146484375,1.67,quiet
2015-11-13,-55.28515625,3.67,disturbance
2015-11-14,-22.1474609375,3.0,quiet
2015-11-15,-20.92578125,3.0,quiet
2015-11-16,-34.754464285714285,3.33,disturbance
2015-11-17,nan,3.0,missing
2015-11-18,nan,5.0,missing
2015-11-19,-38.41796875,3.67,disturbance
2015-11-20,-23.6904296875,2.33,quiet
2015-11-21,-15.3154296875,2.0,quiet
2015-11-22,-14.23046875,0.67,quiet
2015-11-23,-7.763671875,0.67,quiet
2015-11-24,-8.8857421875,0.0,quiet
2015-11-25,-15.4892578125,0.0,quiet
2015-11-26,-24.643229166666668,1.33,quiet
2015-11-27,-20.80234375,3.0,quiet
2015-11-28,-40.130859375,2.67,disturbance
2015-11-29,nan,3.0,missing
2015-11-30,-59.927734375,5.0,disturbance
2015-12-01,-28.828776041666668,3.67,quiet
2015-12-02,-25.468098958333332,2.67,quiet
2015-12-03,-16.514973958333332,1.33,quiet
2015-12-04,-14.770182291666666,2.33,quiet
2015-12-05,-35.78515625,3.67,disturbance
2015-12-06,-57.912109375,4.33,disturbance
2015-12-07,-30.59765625,3.67,disturbance
2015-12-08,-19.139322916666668,3.67,quiet
2015-12-09,nan,3.33,missing
2015-12-10,nan,5.0,missing
2015-12-11,nan,4.33,missing
2015-12-12,nan,3.33,missing
2015-12-13,nan,2.67,missing
2015-12-14,nan,5.33,missing
2015-12-15,-46.8935546875,4.67,disturbance
2015-12-16,-35.439453125,3.67,disturbance
2015-12-17,-21.3525390625,3.67,quiet
2015-12-18,-19.2431640625,2.67,quiet
2015-12-19,-29.177734375,4.0,disturbance
2015-12-20,-164.0673828125,6.67,disturbance
2015-12-21,nan,6.67,missing
2015-12-22,-28.494140625,4.33,disturbance
2015-12-23,-24.765625,3.33,quiet
2015-12-24,-22.408203125,3.33,quiet
2015-12-25,-18.64375,2.33,quiet
2015-12-26,-24.873046875,4.33,disturbance
2015-12-27,-27.67578125,3.0,quiet
2015-12-28,-14.632161458333334,2.0,quiet
2015-12-29,nan,2.33,missing
2015-12-30,-12.3525390625,1.33,quiet
2015-12-31,nan,5.67,missing
2016-01-01,-116.111328125,6.0,disturbance
2016-01-02,-32.3505859375,3.0,disturbance
2016-01-03,-13.349888392857142,2.67,quiet
2016-01-04,-16.762369791666668,2.0,quiet
2016-01-05,-18.565755208333332,2.33,quiet
2016-01-06,-36.734375,4.67,disturbance
2016-01-07,-22.536458333333332,4.0,disturbance
2016-01-08,-17.783203125,3.0,quiet
2016-01-09,-25.66015625,2.0,quiet
2016-01-10,nan,2.67,missing
2016-01-11,-22.611979166666668,4.0,disturbance
2016-01-12,nan,4.0,missing
2016-01-13,-29.9609375,4.0,disturbance
2016-01-14,-10.486979166666666,2.67,quiet
2016-01-15,-17.158854166666668,2.0,quiet
2016-01-16,-10.4775390625,1.33,quiet
2016-01-17,-13.311383928571429,1.33,quiet
2016-01-18,-22.732421875,3.0,quiet
2016-01-19,-35.78125,4.33,disturbance
2016-01-20,-84.63203125,4.67,disturbance
2016-01-21,-68.302734375,5.67,disturbance
2016-01-22,-31.8671875,3.33,disturbance
2016-01-23,-17.388392857142858,3.67,quiet
2016-01-24,-32.044921875,4.0,disturbance
2016-01-25,-12.087890625,0.67,quiet
2016-01-26,-12.706380208333334,1.67,quiet
2016-01-27,-17.71875,2.0,quiet
2016-01-28,-25.1728515625,2.33,quiet
2016-01-29,-11.39453125,0.67,quiet
2016-01-30,-12.472005208333334,0.67,quiet
2016-01-31,-47.0009765625,3.67,disturbance
2016-02-01,-37.5439453125,3.67,disturbance
2016-02-02,-49.995442708333336,2.67,disturbance
2016-02-03,-67.60611979166667,4.67,disturbance
2016-02-04,-19.79453125,2.33,quiet
2016-02-05,-14.7470703125,3.33,quiet
2016-02-06,-15.1591796875,2.33,quiet
2016-02-07,-50.3740234375,3.67,disturbance
2016-02-08,nan,5.0,missing
2016-02-09,-34.013671875,3.0,disturbance
2016-02-10,-10.0078125,2.67,quiet
2016-02-11,-47.535807291666664,3.33,disturbance
2016-02-12,-59.97265625,3.67,disturbance
2016-02-13,-30.0888671875,3.0,disturbance
2016-02-14,-20.786830357142858,3.0,quiet
2016-02-15,-37.6904296875,4.33,disturbance
2016-02-16,-63.328125,5.33,disturbance
2016-02-17,-61.421875,5.67,disturbance
2016-02-18,nan,5.0,missing
2016-02-19,nan,3.67,missing
2016-02-20,nan,2.33,missing
2016-02-21,nan,1.67,missing
2016-02-22,nan,1.0,missing
2016-02-23,nan,3.0,missing
2016-02-24,-25.793619791666668,2.67,quiet
2016-02-25,-23.0673828125,2.0,quiet
2016-02-26,-17.645833333333332,3.67,quiet
2016-02-27,-18.314453125,1.33,quiet
2016-02-28,-19.563151041666668,1.33,quiet
2016-02-29,-26.078776041666668,2.0,quiet
2016-03-01,-30.049479166666668,3.0,disturbance
2016-03-02,-24.661458333333332,2.67,quiet
2016-03-03,nan,2.33,missing
2016-03-04,-22.244140625,2.67,quiet
2016-03-05,nan,2.0,missing
2016-03-06,nan,6.33,missing
2016-03-07,-79.794921875,4.67,disturbance
2016-03-08,-41.7998046875,2.33,disturbance
2016-03-09,nan,2.0,missing
2016-03-10,-24.07080078125,2.67,quiet
2016-03-11,-44.86953125,5.33,disturbance
2016-03-12,-19.814453125,3.33,quiet
2016-03-13,-15.6171875,1.67,quiet
2016-03-14,-54.896484375,5.0,disturbance
2016-03-15,-37.774739583333336,5.33,disturbance
2016-03-16,-45.356119791666664,5.0,disturbance
2016-03-17,-49.373697916666664,4.67,disturbance
2016-03-18,-37.33984375,2.33,disturbance
2016-03-19,-43.07421875,3.67,disturbance
2016-03-20,-37.37265625,3.67,disturbance
2016-03-21,-33.2314453125,2.33,disturbance
2016-03-22,-14.153125,2.33,quiet
2016-03-23,nan,3.67,missing
2016-03-24,-24.8271484375,2.67,quiet
2016-03-25,-21.1796875,3.0,quiet
2016-03-26,-14.430338541666666,0.67,quiet
2016-03-27,-29.3623046875,3.33,quiet
2016-03-28,-15.8349609375,3.67,quiet
2016-03-29,-20.244140625,3.33,quiet
2016-03-30,-37.560546875,3.33,disturbance
2016-03-31,-20.177083333333332,3.0,quiet
2016-04-01,-15.822916666666666,1.33,quiet
2016-04-02,-74.083984375,5.0,disturbance
2016-04-03,-40.923828125,4.33,disturbance
2016-04-04,-28.7470703125,2.67,quiet
2016-04-05,-18.83984375,2.67,quiet
2016-04-06,-40.3759765625,2.33,disturbance
2016-04-07,nan,5.67,missing
2016-04-08,-70.1796875,4.67,disturbance
2016-04-09,-12.5380859375,1.0,quiet
2016-04-10,-18.4912109375,2.67,quiet
2016-04-11,-20.6875,3.0,quiet
2016-04-12,-62.942057291666664,5.0,disturbance
2016-04-13,-38.540364583333336,5.0,disturbance
2016-04-14,-58.326171875,4.67,disturbance
2016-04-15,nan,4.0,missing
2016-04-16,-47.2158203125,3.67,disturbance
2016-04-17,-41.931640625,4.0,disturbance
2016-04-18,-19.146484375,2.33,quiet
2016-04-19,-16.88671875,1.0,quiet
2016-04-20,-16.9072265625,1.33,quiet
2016-04-21,-16.692708333333332,1.67,quiet
2016-04-22,-26.7353515625,4.0,disturbance
2016-04-23,-24.4359375,4.67,disturbance
2016-04-24,-21.341796875,4.0,disturbance
2016-04-25,nan,1.67,missing
2016-04-26,nan,2.67,missing
2016-04-27,-16.190104166666668,3.0,quiet
2016-04-28,nan,2.0,missing
2016-04-29,-10.707682291666666,1.0,quiet
2016-04-30,nan,3.0,missing
2016-05-01,nan,4.0,missing
2016-05-02,nan,5.67,missing
2016-05-03,-37.05078125,3.33,disturbance
2016-05-04,-12.14609375,1.67,quiet
2016-05-05,-31.328125,2.33,disturbance
2016-05-06,-37.1201171875,4.33,disturbance
2016-05-07,-38.7177734375,3.67,disturbance
2016-05-08,-77.4765625,6.33,disturbance
2016-05-09,-70.26953125,6.33,disturbance
2016-05-10,-21.1943359375,3.67,quiet
2016-05-11,-19.0673828125,2.67,quiet
2016-05-12,-9.8232421875,1.0,quiet
2016-05-13,-21.121875,2.33,quiet
2016-05-14,-37.953125,3.33,disturbance
2016-05-15,-47.6181640625,3.67,disturbance
2016-05-16,-36.625651041666664,3.33,disturbance
2016-05-17,-17.6162109375,3.33,quiet
2016-05-18,-17.9013671875,2.67,quiet
2016-05-19,-32.38671875,2.67,disturbance
2016-05-20,-20.76953125,2.33,quiet
2016-05-21,-21.8525390625,4.67,disturbance
2016-05-22,-21.2177734375,2.67,quiet
2016-05-23,nan,1.67,missing
2016-05-24,nan,2.33,missing
2016-05-25,-8.732421875,1.0,quiet
2016-05-26,nan,1.33,missing
2016-05-27,nan,3.0,missing
2016-05-28,nan,4.0,missing
2016-05-29,-26.3330078125,3.0,quiet
2016-05-30,nan,4.0,missing
2016-05-31,nan,3.67,missing
2016-06-01,-16.223307291666668,2.0,quiet
2016-06-02,-5.972005208333333,1.0,quiet
2016-06-03,-7.782552083333333,1.0,quiet
2016-06-04,nan,1.33,missing
2016-06-05,nan,5.33,missing
2016-06-06,nan,5.33,missing
2016-06-07,nan,3.0,missing
2016-06-08,-22.435546875,2.0,quiet
2016-06-09,nan,2.0,missing
2016-06-10,nan,3.33,missing
2016-06-11,-29.5966796875,3.33,quiet
2016-06-12,nan,3.67,missing
2016-06-13,-14.26171875,3.67,quiet
2016-06-14,-26.579296875,6.33,disturbance
2016-06-15,-37.0263671875,4.33,disturbance
2016-06-16,-11.5849609375,2.33,quiet
2016-06-17,-20.15625,2.67,quiet
2016-06-18,-23.4453125,2.33,quiet
2016-06-19,nan,2.0,missing
2016-06-20,-9.396484375,1.33,quiet
2016-06-21,-8.74921875,1.0,quiet
2016-06-22,-19.38515625,4.67,disturbance
2016-06-23,-29.4892578125,3.67,quiet
2016-06-24,-35.8701171875,3.67,disturbance
2016-06-25,-15.654947916666666,2.67,quiet
2016-06-26,-31.111328125,3.67,disturbance
2016-06-27,-36.0830078125,3.0,disturbance
2016-06-28,-18.0390625,2.33,quiet
2016-06-29,nan,1.67,missing
2016-06-30,nan,3.0,missing
2016-07-01,nan,3.33,missing
2016-07-02,nan,3.67,missing
2016-07-03,-12.341796875,2.67,quiet
2016-07-04,nan,2.0,missing
2016-07-05,-14.0810546875,1.33,quiet
2016-07-06,-11.8984375,2.67,quiet
2016-07-07,-44.5244140625,4.67,disturbance
2016-07-08,-55.7875,4.0,disturbance
2016-07-09,-32.4404296875,3.33,disturbance
2016-07-10,-21.513020833333332,2.67,quiet
2016-07-11,nan,2.67,missing
2016-07-12,nan,4.33,missing
2016-07-13,-19.132161458333332,3.0,quiet
2016-07-14,-20.37890625,4.0,disturbance
2016-07-15,-18.2666015625,3.0,quiet
2016-07-16,nan,3.0,missing
2016-07-17,-21.49453125,2.0,quiet
2016-07-18,-11.046875,1.33,quiet
2016-07-19,-12.6767578125,5.0,disturbance
2016-07-20,nan,5.0,missing
2016-07-21,-8.322265625,2.67,quiet
2016-07-22,-30.125,2.67,disturbance
2016-07-23,-25.576822916666668,3.0,quiet
2016-07-24,-30.513671875,4.67,disturbance
2016-07-25,-55.55859375,4.0,disturbance
2016-07-26,-13.455078125,1.33,quiet
2016-07-27,-18.208984375,2.0,quiet
2016-07-28,-32.614583333333336,4.0,disturbance
2016-07-29,-17.748046875,3.67,quiet
2016-07-30,-15.47265625,3.0,quiet
2016-07-31,-11.201822916666666,1.67,quiet
2016-08-01,-8.041015625,1.33,quiet
2016-08-02,-64.927734375,5.0,disturbance
2016-08-03,-89.26171875,5.0,disturbance
2016-08-04,-33.58515625,4.0,disturbance
2016-08-05,-22.44140625,4.0,disturbance
2016-08-06,-26.01953125,3.33,quiet
2016-08-07,nan,4.33,missing
2016-08-08,nan,3.67,missing
2016-08-09,nan,3.33,missing
2016-08-10,-27.352864583333332,3.67,quiet
2016-08-11,-14.106119791666666,3.0,quiet
2016-08-12,-21.9716796875,3.67,quiet
2016-08-13,-13.696875,1.67,quiet
2016-08-14,-17.11328125,1.67,quiet
2016-08-15,-11.427734375,1.33,quiet
2016-08-16,-22.958984375,3.33,quiet
2016-08-17,-20.96875,3.0,quiet
2016-08-18,nan,3.0,missing
2016-08-19,-14.3921875,1.33,quiet
2016-08-20,-20.14453125,2.0,quiet
2016-08-21,-26.444010416666668,3.67,quiet
2016-08-22,-11.3447265625,1.33,quiet
2016-08-23,-70.5546875,5.0,disturbance
2016-08-24,nan,5.33,missing
2016-08-25,nan,3.33,missing
2016-08-26,nan,2.67,missing
2016-08-27,nan,2.33,missing
2016-08-28,nan,1.0,missing
2016-08-29,nan,3.0,missing
2016-08-30,nan,4.33,missing
2016-08-31,nan,2.67,missing
2016-09-01,nan,5.0,missing
2016-09-02,nan,6.0,missing
2016-09-03,nan,5.67,missing
2016-09-04,nan,4.33,missing
2016-09-05,nan,4.67,missing
2016-09-06,nan,3.67,missing
2016-09-07,nan,3.33,missing
2016-09-08,nan,3.67,missing
2016-09-09,nan,2.0,missing
2016-09-10,nan,1.67,missing
2016-09-11,nan,1.0,missing
2016-09-12,nan,2.0,missing
2016-09-13,nan,1.67,missing
2016-09-14,nan,3.0,missing
2016-09-15,nan,2.67,missing
2016-09-16,nan,1.67,missing
2016-09-17,nan,1.33,missing
2016-09-18,nan,2.33,missing
2016-09-19,nan,3.0,missing
2016-09-20,nan,4.33,missing
2016-09-21,nan,4.0,missing
2016-09-22,nan,2.0,missing
2016-09-23,nan,1.33,missing
2016-09-24,nan,2.33,missing
2016-09-25,nan,4.33,missing
2016-09-26,nan,4.33,missing
2016-09-27,nan,5.67,missing
2016-09-28,-28.45703125,5.67,disturbance
2016-09-29,-51.0810546875,5.33,disturbance
2016-09-30,-29.61328125,5.0,disturbance
2016-10-01,-29.927734375,4.33,disturbance
2016-10-02,nan,4.33,missing
2016-10-03,-10.7822265625,3.67,quiet
2016-10-04,-41.341796875,5.0,disturbance
2016-10-05,-30.791015625,3.33,disturbance
2016-10-06,-15.592075892857142,2.33,quiet
2016-10-07,-19.548828125,2.67,quiet
2016-10-08,nan,3.33,missing
2016-10-09,nan,2.0,missing
2016-10-10,nan,3.33,missing
2016-10-11,-16.736328125,1.0,quiet
2016-10-12,-11.556640625,3.0,quiet
2016-10-13,-109.9375,6.33,disturbance
2016-10-14,-118.3603515625,5.67,disturbance
2016-10-15,-25.003255208333332,3.0,quiet
2016-10-16,-28.6265625,5.0,disturbance
2016-10-17,nan,4.0,missing
2016-10-18,-13.1083984375,3.0,quiet
2016-10-19,-11.5478515625,2.67,quiet
2016-10-20,-12.4208984375,1.33,quiet
2016-10-21,-8.498046875,0.67,quiet
2016-10-22,-17.249348958333332,2.33,quiet
2016-10-23,-22.1357421875,3.0,quiet
2016-10-24,-31.294270833333332,3.67,disturbance
2016-10-25,-65.90959821428571,6.33,disturbance
2016-10-26,-37.5263671875,5.67,disturbance
2016-10-27,-26.879557291666668,4.67,disturbance
2016-10-28,-22.805338541666668,4.33,disturbance
2016-10-29,-42.6162109375,5.33,disturbance
2016-10-30,-48.024739583333336,4.0,disturbance
2016-10-31,-16.96875,3.0,quiet
2016-11-01,-44.46796875,3.67,disturbance
2016-11-02,nan,4.33,missing
2016-11-03,-25.893415178571427,4.0,disturbance
2016-11-04,-19.951171875,2.67,quiet
2016-11-05,-11.134765625,0.67,quiet
2016-11-06,-18.4375,2.0,quiet
2016-11-07,-15.44140625,2.0,quiet
2016-11-08,-20.140625,1.0,quiet
2016-11-09,-39.69453125,2.67,disturbance
2016-11-10,-86.54296875,4.67,disturbance
2016-11-11,nan,4.33,missing
2016-11-12,-30.5322265625,4.0,disturbance
2016-11-13,-21.353515625,4.67,disturbance
2016-11-14,-14.576171875,3.0,quiet
2016-11-15,-20.212890625,3.33,quiet
2016-11-16,-18.58984375,1.67,quiet
2016-11-17,-8.42421875,1.33,quiet
2016-11-18,-14.2587890625,2.0,quiet
2016-11-19,-12.90234375,0.67,quiet
2016-11-20,-19.604166666666668,1.0,quiet
2016-11-21,-23.47216796875,2.33,quiet
2016-11-22,-28.736979166666668,4.33,disturbance
2016-11-23,-33.9208984375,4.0,disturbance
2016-11-24,-42.609375,4.67,disturbance
2016-11-25,-35.533854166666664,5.33,disturbance
2016-11-26,-13.60546875,3.0,quiet
2016-11-27,-15.569010416666666,2.67,quiet
2016-11-28,-17.96875,2.67,quiet
2016-11-29,-16.544270833333332,2.0,quiet
2016-11-30,-11.675130208333334,1.33,quiet
2016-12-01,-15.41015625,1.67,quiet
2016-12-02,-14.67578125,1.33,quiet
2016-12-03,-12.9619140625,1.0,quiet
2016-12-04,-13.536458333333334,0.67,quiet
2016-12-05,-14.01953125,2.33,quiet
2016-12-06,-35.322265625,3.33,disturbance
2016-12-07,-26.7119140625,3.0,quiet
2016-12-08,-31.279296875,4.33,disturbance
2016-12-09,-40.1064453125,4.67,disturbance
2016-12-10,-22.708984375,4.0,disturbance
2016-12-11,nan,4.33,missing
2016-12-12,nan,2.33,missing
2016-12-13,nan,1.67,missing
2016-12-14,nan,1.33,missing
2016-12-15,-10.374348958333334,1.0,quiet
2016-12-16,-9.247395833333334,1.0,quiet
2016-12-17,-16.3330078125,3.33,quiet
2016-12-18,-19.3046875,3.0,quiet
2016-12-19,-19.3037109375,2.0,quiet
2016-12-20,-15.5419921875,2.67,quiet
2016-12-21,-43.3486328125,6.0,disturbance
2016-12-22,-24.86328125,4.67,disturbance
2016-12-23,-34.5146484375,4.0,disturbance
2016-12-24,-20.087890625,3.33,quiet
2016-12-25,-28.720052083333332,4.0,disturbance
2016-12-26,-25.071614583333332,4.67,disturbance
2016-12-27,-25.662109375,3.67,quiet
2016-12-28,-14.5625,2.0,quiet
2016-12-29,-18.70703125,2.0,quiet
2016-12-30,-10.5078125,1.33,quiet
2016-12-31,-52.364583333333336,3.33,disturbance
2017-01-01,-29.712890625,3.67,quiet
2017-01-02,nan,2.33,missing
2017-01-03,-40.490234375,3.67,disturbance
2017-01-04,-28.7841796875,3.67,quiet
2017-01-05,-35.702473958333336,4.0,disturbance
2017-01-06,-27.5205078125,3.67,quiet
2017-01-07,-27.5734375,4.33,disturbance
2017-01-08,-21.9892578125,4.0,disturbance
2017-01-09,-19.025390625,3.33,quiet
2017-01-10,-15.678385416666666,3.67,quiet
2017-01-11,-16.309244791666668,2.67,quiet
2017-01-12,-14.251302083333334,2.33,quiet
2017-01-13,-16.28125,1.67,quiet
2017-01-14,-16.5263671875,1.67,quiet
2017-01-15,-10.4638671875,2.0,quiet
2017-01-16,-12.69140625,0.67,quiet
2017-01-17,-16.2001953125,2.0,quiet
2017-01-18,-38.3681640625,3.67,disturbance
2017-01-19,-25.1513671875,3.33,quiet
2017-01-20,-15.157924107142858,3.33,quiet
2017-01-21,-15.927734375,3.33,quiet
2017-01-22,-29.08203125,3.33,quiet
2017-01-23,-14.159375,2.0,quiet
2017-01-24,-9.0986328125,2.0,quiet
2017-01-25,-17.205078125,3.0,quiet
2017-01-26,-43.171875,3.67,disturbance
2017-01-27,-47.5888671875,4.33,disturbance
2017-01-28,-14.13671875,3.33,quiet
2017-01-29,-16.09375,2.67,quiet
2017-01-30,-19.420572916666668,2.67,quiet
2017-01-31,-43.972005208333336,4.67,disturbance
2017-02-01,nan,5.0,missing
2017-02-02,-23.81640625,4.33,disturbance
2017-02-03,-15.3447265625,4.33,disturbance
2017-02-04,-25.494140625,3.33,quiet
2017-02-05,-31.337890625,3.67,disturbance
2017-02-06,-16.5263671875,3.67,quiet
2017-02-07,-22.7568359375,2.67,quiet
2017-02-08,-12.5224609375,1.67,quiet
2017-02-09,nan,2.33,missing
2017-02-10,nan,2.33,missing
2017-02-11,-10.544921875,2.67,quiet
2017-02-12,-9.720703125,1.67,quiet
2017-02-13,nan,2.33,missing
2017-02-14,-8.3330078125,0.67,quiet
2017-02-15,-8.0859375,1.33,quiet
2017-02-16,-49.03515625,3.33,disturbance
2017-02-17,-42.0361328125,4.33,disturbance
2017-02-18,-48.681640625,4.33,disturbance
2017-02-19,-21.6796875,3.33,quiet
2017-02-20,-19.228515625,3.33,quiet
2017-02-21,nan,2.0,missing
2017-02-22,-22.53893280029297,3.67,quiet
2017-02-23,-34.8171875,3.33,disturbance
2017-02-24,nan,4.67,missing
2017-02-25,nan,2.67,missing
2017-02-26,nan,1.0,missing
2017-02-27,nan,3.0,missing
2017-02-28,nan,2.67,missing
2017-03-01,nan,5.67,missing
2017-03-02,nan,5.33,missing
2017-03-03,-37.75390625,4.0,disturbance
2017-03-04,-19.763671875,4.33,disturbance
2017-03-05,-26.40546875,4.33,disturbance
2017-03-06,nan,5.0,missing
2017-03-07,-14.208984375,3.33,quiet
2017-03-08,-22.7802734375,3.67,quiet
2017-03-09,-29.2234375,3.67,quiet
2017-03-10,-33.57578125,3.33,disturbance
2017-03-11,-18.125,3.67,quiet
2017-03-12,-21.7548828125,3.67,quiet
2017-03-13,-12.170572916666666,1.33,quiet
2017-03-14,-12.333984375,1.67,quiet
2017-03-15,-12.570963541666666,3.0,quiet
2017-03-16,-26.268880208333332,2.67,quiet
2017-03-17,-8.62890625,1.33,quiet
2017-03-18,-6.111979166666667,1.0,quiet
2017-03-19,-8.848307291666666,0.67,quiet
2017-03-20,-9.720703125,0.67,quiet
2017-03-21,-61.443359375,5.33,disturbance
2017-03-22,-43.14609375,4.33,disturbance
2017-03-23,-54.717447916666664,4.0,disturbance
2017-03-24,-30.4671875,2.33,disturbance
2017-03-25,-10.866536458333334,1.33,quiet
2017-03-26,-10.520182291666666,1.67,quiet
2017-03-27,-80.2177734375,6.33,disturbance
2017-03-28,-50.423828125,5.33,disturbance
2017-03-29,nan,4.33,missing
2017-03-30,-39.329427083333336,4.33,disturbance
2017-03-31,-35.814453125,4.67,disturbance
2017-04-01,-16.626953125,4.33,disturbance
2017-04-02,nan,3.0,missing
2017-04-03,-18.103515625,2.0,quiet
2017-04-04,-65.86197916666667,4.67,disturbance
2017-04-05,-22.87265625,3.33,quiet
2017-04-06,-24.48203125,3.0,quiet
2017-04-07,-36.612630208333336,3.33,disturbance
2017-04-08,-38.16015625,4.33,disturbance
2017-04-09,-39.5703125,4.67,disturbance
2017-04-10,-12.751953125,2.33,quiet
2017-04-11,-15.70078125,3.67,quiet
2017-04-12,-55.180582682291664,3.0,disturbance
2017-04-13,-34.88271484375,2.33,disturbance
2017-04-14,-51.98515625,3.33,disturbance
2017-04-15,-54.97724609375,3.33,disturbance
2017-04-16,-70.7894287109375,1.33,disturbance
2017-04-17,-79.3861083984375,1.33,disturbance
2017-04-18,-68.1971435546875,3.0,disturbance
2017-04-19,-71.5789794921875,4.33,disturbance
2017-04-20,-98.94368489583333,5.67,disturbance
2017-04-21,-72.14469401041667,5.0,disturbance
2017-04-22,-70.14697265625,5.67,disturbance
2017-04-23,nan,5.33,missing
2017-04-24,-79.65511067708333,4.0,disturbance
2017-04-25,-22.76953125,3.0,quiet
2017-04-26,-15.180989583333334,2.67,quiet
2017-04-27,nan,2.33,missing
2017-04-28,-78.30924479166667,2.33,disturbance
2017-04-29,-60.5157470703125,2.0,disturbance
2017-04-30,-65.06494140625,2.0,disturbance
2017-05-01,-118.130859375,2.33,disturbance
2017-05-02,-78.0732421875,2.0,disturbance
2017-05-03,-74.63102213541667,1.33,disturbance
2017-05-04,-70.839599609375,3.33,disturbance
2017-05-05,-76.91813151041667,3.0,disturbance
2017-05-06,nan,1.67,missing
2017-05-07,-72.9847412109375,3.0,disturbance
2017-05-08,-68.6768798828125,2.33,disturbance
2017-05-09,-98.11197916666667,2.0,disturbance
2017-05-10,-79.952880859375,2.67,disturbance
2017-05-11,nan,2.67,missing
2017-05-12,-97.19514973958333,2.67,disturbance
2017-05-13,nan,1.33,missing
2017-05-14,nan,3.0,missing
2017-05-15,nan,3.67,missing
2017-05-16,-60.841796875,2.67,disturbance
2017-05-17,-49.2176513671875,2.33,disturbance
2017-05-18,-39.138671875,3.67,disturbance
2017-05-19,-104.78678385416667,3.67,disturbance
2017-05-20,-75.9024658203125,4.33,disturbance
2017-05-21,-73.14501953125,2.67,disturbance
2017-05-22,-84.415771484375,3.0,disturbance
2017-05-23,-68.60807291666667,3.0,disturbance
2017-05-24,-14.4013671875,1.33,quiet
2017-05-25,-6.9287109375,1.0,quiet
2017-05-26,nan,1.0,missing
2017-05-27,-115.0625,5.67,disturbance
2017-05-28,-116.28515625,7.0,disturbance
2017-05-29,-39.723958333333336,4.0,disturbance
2017-05-30,nan,3.33,missing
2017-05-31,-17.87890625,1.33,quiet
2017-06-01,-14.55859375,2.67,quiet
2017-06-02,-18.740885416666668,1.67,quiet
2017-06-03,-55.712239583333336,3.67,disturbance
2017-06-04,nan,0.67,missing
2017-06-05,-22.8759765625,2.67,quiet
2017-06-06,-16.0673828125,2.0,quiet
2017-06-07,-17.919921875,1.67,quiet
2017-06-08,-12.326822916666666,1.33,quiet
2017-06-09,-13.626953125,2.33,quiet
2017-06-10,-8.270833333333334,1.33,quiet
2017-06-11,-21.923177083333332,5.0,disturbance
2017-06-12,-18.897135416666668,2.33,quiet
2017-06-13,-15.397786458333334,2.67,quiet
2017-06-14,-16.587239583333332,2.33,quiet
2017-06-15,-10.973307291666666,1.67,quiet
2017-06-16,-63.865885416666664,5.0,disturbance
2017-06-17,-42.75390625,4.0,disturbance
2017-06-18,-22.385416666666668,3.33,quiet
2017-06-19,-10.27734375,2.0,quiet
2017-06-20,nan,1.0,missing
2017-06-21,nan,1.67,missing
2017-06-22,nan,2.33,missing
2017-06-23,nan,2.33,missing
2017-06-24,nan,2.67,missing
2017-06-25,nan,3.33,missing
2017-06-26,nan,2.33,missing
2017-06-27,-14.609375,1.67,quiet
2017-06-28,-10.357421875,1.67,quiet
2017-06-29,nan,2.0,missing
2017-06-30,-13.099609375,1.67,quiet
2017-07-01,-37.25390625,3.33,disturbance
2017-07-02,-25.15234375,4.33,disturbance
2017-07-03,-11.62109375,2.0,quiet
2017-07-04,-11.1875,1.67,quiet
2017-07-05,-8.5390625,0.67,quiet
2017-07-06,-39.763671875,3.0,disturbance
2017-07-07,-22.8515625,2.0,quiet
2017-07-08,-8.1884765625,1.0,quiet
2017-07-09,-58.15234375,5.33,disturbance
2017-07-10,-34.8505859375,3.67,disturbance
2017-07-11,-21.123046875,2.33,quiet
2017-07-12,-13.15625,1.33,quiet
2017-07-13,-12.93359375,1.33,quiet
2017-07-14,-12.95703125,0.67,quiet
2017-07-15,-10.8486328125,1.0,quiet
2017-07-16,-115.935546875,6.0,disturbance
2017-07-17,-30.8388671875,5.67,disturbance
2017-07-18,-13.5771484375,3.0,quiet
2017-07-19,-19.3779296875,1.33,quiet
2017-07-20,-16.26904296875,3.0,quiet
2017-07-21,-42.9619140625,3.67,disturbance
2017-07-22,-23.14453125,4.33,disturbance
2017-07-23,-35.4619140625,4.0,disturbance
2017-07-24,-21.1318359375,3.33,quiet
2017-07-25,-29.3828125,3.0,quiet
2017-07-26,-25.103515625,4.0,disturbance
2017-07-27,-14.8642578125,2.67,quiet
2017-07-28,-12.6435546875,2.67,quiet
2017-07-29,-7.6025390625,1.33,quiet
2017-07-30,-7.5927734375,1.0,quiet
2017-07-31,nan,1.0,missing
2017-08-01,-19.388671875,2.33,quiet
2017-08-02,nan,1.67,missing
2017-08-03,-16.4296875,3.67,quiet
2017-08-04,-58.959635416666664,4.33,disturbance
2017-08-05,-18.1552734375,3.67,quiet
2017-08-06,nan,4.33,missing
2017-08-07,nan,2.0,missing
2017-08-08,-53.054296875,2.0,disturbance
2017-08-09,-10.7998046875,1.33,quiet
2017-08-10,-14.7589111328125,2.0,quiet
2017-08-11,-75.7698974609375,3.0,disturbance
2017-08-12,-23.7255859375,3.33,quiet
2017-08-13,-39.1553955078125,2.33,disturbance
2017-08-14,-9.7705078125,2.0,quiet
2017-08-15,-12.03125,1.0,quiet
2017-08-16,-11.9951171875,2.0,quiet
2017-08-17,-74.33854166666667,4.67,disturbance
2017-08-18,-82.1165771484375,4.67,disturbance
2017-08-19,-84.97395833333333,4.67,disturbance
2017-08-20,-32.83984375,5.0,disturbance
2017-08-21,nan,3.0,missing
2017-08-22,-31.1123046875,4.67,disturbance
2017-08-23,nan,4.67,missing
2017-08-24,nan,3.67,missing
2017-08-25,-10.8515625,1.67,quiet
2017-08-26,-9.221354166666666,1.33,quiet
2017-08-27,-44.619140625,3.0,disturbance
2017-08-28,-20.767578125,0.67,quiet
2017-08-29,-15.75,4.0,disturbance
2017-08-30,nan,2.0,missing
2017-08-31,-85.404296875,5.33,disturbance
2017-09-01,-57.2734375,4.0,disturbance
2017-09-02,-36.853515625,4.67,disturbance
2017-09-03,-23.6396484375,2.67,quiet
2017-09-04,-33.4931640625,4.67,disturbance
2017-09-05,-30.248046875,4.0,disturbance
2017-09-06,-13.203125,3.33,quiet
2017-09-07,-173.9482421875,7.67,disturbance
2017-09-08,-104.1376953125,8.33,disturbance
2017-09-09,-36.3544921875,2.33,disturbance
2017-09-10,-8.990234375,3.0,quiet
2017-09-11,-29.318359375,3.33,quiet
2017-09-12,-73.583984375,5.33,disturbance
2017-09-13,-69.8193359375,5.33,disturbance
2017-09-14,-52.140625,5.33,disturbance
2017-09-15,nan,5.67,missing
2017-09-16,nan,5.33,missing
2017-09-17,nan,4.0,missing
2017-09-18,-29.565104166666668,4.33,disturbance
2017-09-19,-20.427734375,2.67,quiet
2017-09-20,-26.44921875,3.33,quiet
2017-09-21,nan,2.33,missing
2017-09-22,-14.390625,2.33,quiet
2017-09-23,-9.1357421875,2.33,quiet
2017-09-24,-24.90625,2.67,quiet
2017-09-25,-26.7548828125,2.33,quiet
2017-09-26,-11.96484375,2.0,quiet
2017-09-27,nan,6.33,missing
2017-09-28,-46.1142578125,6.67,disturbance
2017-09-29,-23.85546875,3.33,quiet
2017-09-30,-27.384765625,4.0,disturbance
2017-10-01,nan,3.33,missing
2017-10-02,-12.2294921875,3.33,quiet
2017-10-03,nan,3.0,missing
2017-10-04,nan,2.33,missing
2017-10-05,nan,3.33,missing
2017-10-06,nan,2.67,missing
2017-10-07,nan,1.67,missing
2017-10-08,nan,1.67,missing
2017-10-09,nan,2.0,missing
2017-10-10,-33.9384765625,2.0,disturbance
2017-10-11,nan,4.67,missing
2017-10-12,nan,5.0,missing
2017-10-13,nan,5.67,missing
2017-10-14,-63.4453125,5.0,disturbance
2017-10-15,-35.96484375,5.33,disturbance
2017-10-16,nan,3.0,missing
2017-10-17,-13.057291666666666,1.67,quiet
2017-10-18,-21.03515625,2.33,quiet
2017-10-19,-25.537109375,3.67,quiet
2017-10-20,nan,3.67,missing
2017-10-21,nan,3.0,missing
2017-10-22,-30.359375,3.0,disturbance
2017-10-23,-16.788411458333332,2.33,quiet
2017-10-24,-59.129557291666664,4.67,disturbance
2017-10-25,-24.2734375,4.67,disturbance
2017-10-26,-57.98046875,4.33,disturbance
2017-10-27,-12.505208333333334,2.0,quiet
2017-10-28,-10.51953125,2.0,quiet
2017-10-29,-9.78515625,1.67,quiet
2017-10-30,-8.547526041666666,1.0,quiet
2017-10-31,-13.9580078125,1.67,quiet
2017-11-01,-17.4482421875,1.33,quiet
2017-11-02,-51.21875,3.0,disturbance
2017-11-03,-49.3525390625,3.33,disturbance
2017-11-04,nan,1.33,missing
2017-11-05,-13.012369791666666,0.67,quiet
2017-11-06,-8.874348958333334,0.67,quiet
2017-11-07,-60.536458333333336,6.33,disturbance
2017-11-08,nan,6.33,missing
2017-11-09,-26.20703125,3.67,quiet
2017-11-10,-21.8828125,4.0,disturbance
2017-11-11,-15.3671875,3.0,quiet
2017-11-12,nan,2.33,missing
2017-11-13,-21.841796875,2.33,quiet
2017-11-14,-30.7890625,3.0,disturbance
2017-11-15,-28.954427083333332,3.33,quiet
2017-11-16,-14.723958333333334,4.33,disturbance
2017-11-17,-18.076822916666668,2.33,quiet
2017-11-18,-12.38671875,2.0,quiet
2017-11-19,nan,2.33,missing
2017-11-20,-45.161458333333336,3.67,disturbance
2017-11-21,-41.356770833333336,5.0,disturbance
2017-11-22,-15.1826171875,3.0,quiet
2017-11-23,-10.9375,2.67,quiet
2017-11-24,-24.892578125,3.33,quiet
2017-11-25,-14.3125,3.33,quiet
2017-11-26,-17.473958333333332,1.0,quiet
2017-11-27,-20.0390625,2.0,quiet
2017-11-28,-31.490234375,3.33,disturbance
2017-11-29,-24.630859375,2.0,quiet
2017-11-30,nan,4.0,missing
2017-12-01,nan,2.67,missing
2017-12-02,nan,2.33,missing
2017-12-03,nan,0.67,missing
2017-12-04,nan,4.0,missing
2017-12-05,nan,5.0,missing
2017-12-06,-22.279296875,4.0,disturbance
2017-12-07,nan,3.33,missing
2017-12-08,nan,2.0,missing
2017-12-09,-17.1640625,1.67,quiet
2017-12-10,nan,1.33,missing
2017-12-11,nan,3.33,missing
2017-12-12,nan,4.0,missing
2017-12-13,-17.6171875,2.67,quiet
2017-12-14,nan,2.67,missing
2017-12-15,nan,1.33,missing
2017-12-16,nan,2.0,missing
2017-12-17,nan,4.67,missing
2017-12-18,nan,4.33,missing
2017-12-19,nan,2.33,missing
2017-12-20,-23.5078125,2.0,quiet
2017-12-21,nan,1.0,missing
2017-12-22,nan,1.0,missing
2017-12-23,nan,2.67,missing
2017-12-24,nan,3.33,missing
2017-12-25,nan,3.0,missing
2017-12-26,nan,3.67,missing
2017-12-27,nan,2.67,missing
2017-12-28,nan,1.67,missing
2017-12-29,nan,2.33,missing
2017-12-30,nan,1.67,missing
2017-12-31,nan,2.0,missing
2018-01-01,nan,3.67,missing
2018-01-02,nan,2.0,missing
2018-01-03,nan,1.0,missing
2018-01-04,-9.93359375,1.33,quiet
2018-01-05,-13.39453125,2.0,quiet
2018-01-06,-8.557291666666666,1.33,quiet
2018-01-07,-8.461588541666666,1.0,quiet
2018-01-08,-49.221354166666664,3.67,disturbance
2018-01-09,-20.765625,3.67,quiet
2018-01-10,-16.824869791666668,1.67,quiet
2018-01-11,-8.134765625,1.0,quiet
2018-01-12,-16.82421875,1.33,quiet
2018-01-13,-17.83203125,3.0,quiet
2018-01-14,-24.8125,4.67,disturbance
2018-01-15,-20.7529296875,3.67,quiet
2018-01-16,-15.20703125,2.0,quiet
2018-01-17,-8.501302083333334,0.67,quiet
2018-01-18,-11.345703125,0.33,quiet
2018-01-19,nan,2.67,missing
2018-01-20,-13.332682291666666,3.0,quiet
2018-01-21,-33.048828125,3.0,disturbance
2018-01-22,-20.681640625,3.33,quiet
2018-01-23,-13.486328125,2.0,quiet
2018-01-24,-45.236979166666664,4.0,disturbance
2018-01-25,nan,3.0,missing
2018-01-26,-22.6650390625,3.0,quiet
2018-01-27,nan,2.67,missing
2018-01-28,nan,1.67,missing
2018-01-29,-18.0498046875,1.0,quiet
2018-01-30,-18.3583984375,2.33,quiet
2018-01-31,-27.345052083333332,2.67,quiet
2018-02-01,-18.9609375,2.67,quiet
2018-02-02,-20.899088541666668,2.0,quiet
2018-02-03,-8.853515625,1.67,quiet
2018-02-04,-11.62890625,2.33,quiet
2018-02-05,-24.38203125,3.0,quiet
2018-02-06,-17.930989583333332,2.33,quiet
2018-02-07,-16.6279296875,1.67,quiet
2018-02-08,-15.026041666666666,1.33,quiet
2018-02-09,nan,2.67,missing
2018-02-10,-22.28125,2.33,quiet
2018-02-11,-11.9755859375,0.67,quiet
2018-02-12,nan,1.67,missing
2018-02-13,-21.1298828125,0.67,quiet
2018-02-14,-10.67578125,1.33,quiet
2018-02-15,-42.6728515625,4.67,disturbance
2018-02-16,-20.775390625,2.33,quiet
2018-02-17,-29.6806640625,3.67,quiet
2018-02-18,nan,4.0,missing
2018-02-19,-20.75390625,4.0,disturbance
2018-02-20,-14.86328125,2.67,quiet
2018-02-21,-17.44140625,2.0,quiet
2018-02-22,-15.878515625,3.67,quiet
2018-02-23,-44.466145833333336,4.33,disturbance
2018-02-24,-24.9052734375,3.33,quiet
2018-02-25,-13.9990234375,2.0,quiet
2018-02-26,nan,3.0,missing
2018-02-27,nan,5.33,missing
2018-02-28,-10.125,2.33,quiet
2018-03-01,nan,2.67,missing
2018-03-02,nan,2.67,missing
2018-03-03,-21.4755859375,2.67,quiet
2018-03-04,nan,2.67,missing
2018-03-05,-11.53515625,1.33,quiet
2018-03-06,nan,2.0,missing
2018-03-07,nan,2.67,missing
2018-03-08,-10.7939453125,1.67,quiet
2018-03-09,-51.002604166666664,4.33,disturbance
2018-03-10,-40.830078125,4.0,disturbance
2018-03-11,-15.7119140625,2.33,quiet
2018-03-12,-8.1748046875,1.0,quiet
2018-03-13,-10.244791666666666,1.0,quiet
2018-03-14,-44.938802083333336,4.0,disturbance
2018-03-15,nan,4.0,missing
2018-03-16,-23.352864583333332,4.33,disturbance
2018-03-17,-30.8134765625,4.33,disturbance
2018-03-18,-43.040364583333336,6.0,disturbance
2018-03-19,-48.725260416666664,4.33,disturbance
2018-03-20,-13.930989583333334,3.0,quiet
2018-03-21,nan,2.0,missing
2018-03-22,-45.7783203125,3.0,disturbance
2018-03-23,-36.579427083333336,4.0,disturbance
2018-03-24,-36.349609375,2.67,disturbance
2018-03-25,-36.255859375,4.0,disturbance
2018-03-26,-20.802734375,3.0,quiet
2018-03-27,-18.456380208333332,3.0,quiet
2018-03-28,-14.732421875,0.67,quiet
2018-03-29,-14.892578125,1.67,quiet
2018-03-30,-22.37109375,2.33,quiet
2018-03-31,-22.9814453125,2.67,quiet
2018-04-01,-12.76953125,1.33,quiet
2018-04-02,-9.798828125,1.67,quiet
2018-04-03,-16.259114583333332,2.0,quiet
2018-04-04,-18.1484375,1.67,quiet
2018-04-05,-18.70703125,3.0,quiet
2018-04-06,-14.03515625,1.67,quiet
2018-04-07,-7.942708333333333,2.0,quiet
2018-04-08,-10.6474609375,2.33,quiet
2018-04-09,-17.6337890625,4.33,disturbance
2018-04-10,nan,4.0,missing
2018-04-11,-35.049479166666664,4.33,disturbance
2018-04-12,-16.765625,3.0,quiet
2018-04-13,-30.180338541666668,3.67,disturbance
2018-04-14,-14.4990234375,2.0,quiet
2018-04-15,-17.93203125,2.33,quiet
2018-04-16,-15.839192708333334,1.0,quiet
2018-04-17,-11.639973958333334,1.0,quiet
2018-04-18,nan,2.0,missing
2018-04-19,-15.884114583333334,1.0,quiet
2018-04-20,-48.0068359375,6.0,disturbance
2018-04-21,nan,3.33,missing
2018-04-22,-9.74375,1.67,quiet
2018-04-23,-13.947916666666666,3.0,quiet
2018-04-24,-15.82890625,2.0,quiet
2018-04-25,-25.006510416666668,2.0,quiet
2018-04-26,-13.309895833333334,1.67,quiet
2018-04-27,-12.12890625,2.67,quiet
2018-04-28,-6.98046875,1.67,quiet
2018-04-29,-6.180338541666667,1.33,quiet
2018-04-30,-13.783854166666666,2.33,quiet
2018-05-01,-7.901041666666667,1.0,quiet
2018-05-02,-10.865885416666666,2.0,quiet
2018-05-03,-8.50625,1.33,quiet
2018-05-04,-8.774739583333334,1.33,quiet
2018-05-05,-81.14973958333333,5.67,disturbance
2018-05-06,-70.13411458333333,5.67,disturbance
2018-05-07,-29.364583333333332,4.0,disturbance
2018-05-08,-18.7783203125,3.67,quiet
2018-05-09,-33.904947916666664,4.0,disturbance
2018-05-10,-33.90546875,3.33,disturbance
2018-05-11,-17.79296875,3.67,quiet
2018-05-12,-32.787109375,3.67,disturbance
2018-05-13,-32.869140625,2.33,disturbance
2018-05-14,-13.075520833333334,2.0,quiet
2018-05-15,nan,1.33,missing
2018-05-16,-9.442708333333334,1.33,quiet
2018-05-17,-27.008463541666668,3.0,quiet
2018-05-18,-22.514322916666668,1.67,quiet
2018-05-19,-10.559244791666666,1.0,quiet
2018-05-20,-12.76953125,1.0,quiet
2018-05-21,-9.261067708333334,1.0,quiet
2018-05-22,-17.98828125,2.0,quiet
2018-05-23,-24.291015625,3.33,quiet
2018-05-24,nan,1.33,missing
2018-05-25,-11.294921875,1.33,quiet
2018-05-26,-13.029947916666666,1.33,quiet
2018-05-27,-15.5263671875,1.33,quiet
2018-05-28,-12.94921875,1.67,quiet
2018-05-29,-14.849609375,1.67,quiet
2018-05-30,-10.362630208333334,1.67,quiet
2018-05-31,-32.396484375,4.33,disturbance
2018-06-01,-23.98046875,4.67,disturbance
2018-06-02,-23.3603515625,4.0,disturbance
2018-06-03,-23.458333333333332,2.67,quiet
2018-06-04,-18.3203125,1.33,quiet
2018-06-05,-62.810546875,1.67,disturbance
2018-06-06,-39.711588541666664,3.67,disturbance
2018-06-07,-39.431640625,2.67,disturbance
2018-06-08,-18.270833333333332,2.0,quiet
2018-06-09,-10.166666666666666,1.33,quiet
2018-06-10,-15.038411458333334,1.0,quiet
2018-06-11,-19.432291666666668,1.33,quiet
2018-06-12,-14.720703125,1.67,quiet
2018-06-13,-17.818359375,2.0,quiet
2018-06-14,-23.026041666666668,1.33,quiet
2018-06-15,-9.127604166666666,1.0,quiet
2018-06-16,-8.545572916666666,0.67,quiet
2018-06-17,-14.881510416666666,1.67,quiet
2018-06-18,-62.227864583333336,4.0,disturbance
2018-06-19,-15.246744791666666,2.33,quiet
2018-06-20,-11.498046875,2.33,quiet
2018-06-21,-11.264973958333334,1.0,quiet
2018-06-22,-10.531901041666666,1.33,quiet
2018-06-23,-33.23671875,4.0,disturbance
2018-06-24,-19.840494791666668,2.67,quiet
2018-06-25,-74.22200520833333,5.0,disturbance
2018-06-26,-58.848307291666664,4.67,disturbance
2018-06-27,-15.583984375,2.67,quiet
2018-06-28,-18.619791666666668,1.67,quiet
2018-06-29,-9.91796875,1.33,quiet
2018-06-30,-26.908854166666668,1.0,quiet
2018-07-01,-12.466145833333334,0.67,quiet
2018-07-02,-6.891276041666667,1.0,quiet
2018-07-03,-14.160807291666666,1.67,quiet
2018-07-04,-11.720219294230143,1.33,quiet
2018-07-05,-31.690104166666668,4.67,disturbance
2018-07-06,-26.256510416666668,3.67,quiet
2018-07-07,-12.9912109375,2.0,quiet
2018-07-08,-9.077473958333334,1.33,quiet
2018-07-09,-7.893415178571429,0.67,quiet
2018-07-10,-18.609375,2.33,quiet
2018-07-11,-22.037388392857142,2.67,quiet
2018-07-12,-17.815625,2.67,quiet
2018-07-13,-21.964192708333332,2.67,quiet
2018-07-14,-9.111328125,1.67,quiet
2018-07-15,-10.849609375,1.33,quiet
2018-07-16,-43.103515625,2.67,disturbance
2018-07-17,-23.49609375,3.0,quiet
2018-07-18,nan,1.0,missing
2018-07-19,nan,1.0,missing
2018-07-20,-21.268880208333332,2.0,quiet
2018-07-21,nan,3.33,missing
2018-07-22,-13.642578125,1.33,quiet
2018-07-23,-8.0712890625,1.0,quiet
2018-07-24,-23.658203125,4.0,disturbance
2018-07-25,-21.472005208333332,3.33,quiet
2018-07-26,-10.815755208333334,1.33,quiet
2018-07-27,-8.883463541666666,1.67,quiet
2018-07-28,-11.477864583333334,2.0,quiet
2018-07-29,-12.095424107142858,1.33,quiet
2018-07-30,-15.436197916666666,2.0,quiet
2018-07-31,-22.90625,2.33,quiet
2018-08-01,-14.66015625,2.33,quiet
2018-08-02,-19.170572916666668,2.67,quiet
2018-08-03,-13.862109375,2.67,quiet
2018-08-04,nan,2.0,missing
2018-08-05,nan,2.0,missing
2018-08-06,-12.8837890625,1.0,quiet
2018-08-07,-62.404296875,3.0,disturbance
2018-08-08,-9.837239583333334,1.67,quiet
2018-08-09,-11.384765625,1.33,quiet
2018-08-10,-11.371744791666666,1.33,quiet
2018-08-11,-29.943080357142858,3.67,quiet
2018-08-12,-18.48359375,2.0,quiet
2018-08-13,-19.170758928571427,1.33,quiet
2018-08-14,-11.021763392857142,1.33,quiet
2018-08-15,-51.227213541666664,4.0,disturbance
2018-08-16,-30.030133928571427,3.67,disturbance
2018-08-17,-25.366536458333332,4.0,disturbance
2018-08-18,-18.0078125,3.33,quiet
2018-08-19,-25.201822916666668,2.67,quiet
2018-08-20,-35.046223958333336,4.0,disturbance
2018-08-21,-9.943080357142858,2.67,quiet
2018-08-22,-15.518880208333334,2.33,quiet
2018-08-23,-8.472005208333334,1.67,quiet
2018-08-24,-26.236049107142858,2.67,quiet
2018-08-25,-110.88151041666667,4.33,disturbance
2018-08-26,-85.59765625,7.33,disturbance
2018-08-27,-33.41127232142857,5.67,disturbance
2018-08-28,-25.246875,3.67,quiet
2018-08-29,-9.76171875,2.33,quiet
2018-08-30,-12.91796875,1.67,quiet
2018-08-31,-19.923549107142858,2.33,quiet
2018-09-01,-57.625,2.0,disturbance
2018-09-02,-12.578776041666666,2.0,quiet
2018-09-03,-12.2484375,1.33,quiet
2018-09-04,-47.046875,3.0,disturbance
2018-09-05,-43.499348958333336,3.33,disturbance
2018-09-06,-17.748697916666668,2.0,quiet
2018-09-07,-18.970703125,2.33,quiet
2018-09-08,-17.48828125,2.33,quiet
2018-09-09,-13.2421875,2.67,quiet
2018-09-10,-86.27213541666667,5.0,disturbance
2018-09-11,-65.09765625,6.0,disturbance
2018-09-12,-13.684244791666666,4.0,disturbance
2018-09-13,-25.0859375,4.0,disturbance
2018-09-14,-20.874348958333332,4.33,disturbance
2018-09-15,-11.138671875,2.67,quiet
2018-09-16,-15.689453125,2.33,quiet
2018-09-17,-26.39453125,3.33,quiet
2018-09-18,-16.322265625,2.33,quiet
2018-09-19,nan,2.33,missing
2018-09-20,-7.1953125,0.67,quiet
2018-09-21,-53.62890625,4.33,disturbance
2018-09-22,nan,4.67,missing
2018-09-23,-30.3984375,3.33,disturbance
2018-09-24,-39.72734375,2.33,disturbance
2018-09-25,-21.022786458333332,3.0,quiet
2018-09-26,-30.47421875,2.67,disturbance
2018-09-27,-36.536458333333336,2.33,disturbance
2018-09-28,-30.134765625,3.0,disturbance
2018-09-29,-16.692057291666668,3.33,quiet
2018-09-30,-8.8015625,2.33,quiet
2018-10-01,-19.6953125,3.67,quiet
2018-10-02,-20.285807291666668,3.67,quiet
2018-10-03,-46.63671875,2.33,disturbance
2018-10-04,-21.23671875,1.67,quiet
2018-10-05,-17.354817708333332,3.0,quiet
2018-10-06,-15.1435546875,3.0,quiet
2018-10-07,nan,5.33,missing
2018-10-08,nan,4.33,missing
2018-10-09,-59.410807291666664,3.67,disturbance
2018-10-10,-45.00859375,4.67,disturbance
2018-10-11,-26.7431640625,3.0,quiet
2018-10-12,-10.5732421875,1.67,quiet
2018-10-13,-46.228515625,4.33,disturbance
2018-10-14,-22.52734375,2.0,quiet
2018-10-15,nan,3.0,missing
2018-10-16,-8.162109375,2.0,quiet
2018-10-17,-8.682942708333334,1.67,quiet
2018-10-18,-6.689453125,0.33,quiet
2018-10-19,-20.32421875,0.67,quiet
2018-10-20,-8.11328125,0.33,quiet
2018-10-21,nan,2.0,missing
2018-10-22,-11.62890625,2.67,quiet
2018-10-23,-12.817708333333334,1.0,quiet
2018-10-24,-9.76953125,1.33,quiet
2018-10-25,-12.759375,2.0,quiet
2018-10-26,-17.70703125,2.33,quiet
2018-10-27,-14.0830078125,1.67,quiet
2018-10-28,-8.1826171875,1.33,quiet
2018-10-29,-10.36953125,0.33,quiet
2018-10-30,-7.681640625,2.0,quiet
2018-10-31,-12.13671875,1.67,quiet
2018-11-01,-11.6748046875,2.0,quiet
2018-11-02,-12.73359375,2.67,quiet
2018-11-03,-14.8173828125,2.0,quiet
2018-11-04,-64.6767578125,5.33,disturbance
2018-11-05,-47.65390625,5.67,disturbance
2018-11-06,-18.71015625,3.67,quiet
2018-11-07,-13.498046875,3.33,quiet
2018-11-08,-14.7578125,4.0,disturbance
2018-11-09,-29.366015625,4.0,disturbance
2018-11-10,-31.25,4.33,disturbance
2018-11-11,-18.4228515625,3.0,quiet
2018-11-12,-13.44189453125,3.33,quiet
2018-11-13,-12.513671875,2.0,quiet
2018-11-14,-10.255208333333334,1.33,quiet
2018-11-15,-10.8017578125,0.67,quiet
2018-11-16,-11.067578125,1.0,quiet
2018-11-17,-7.065755208333333,0.67,quiet
2018-11-18,-21.776692708333332,1.0,quiet
2018-11-19,-19.645833333333332,1.67,quiet
2018-11-20,-26.382161458333332,3.0,quiet
2018-11-21,-17.2080078125,2.67,quiet
2018-11-22,-14.251953125,1.0,quiet
2018-11-23,nan,1.0,missing
2018-11-24,-13.5625,1.67,quiet
2018-11-25,-14.822265625,1.0,quiet
2018-11-26,-10.17578125,0.67,quiet
2018-11-27,-16.03203125,2.33,quiet
2018-11-28,-6.756510416666667,1.0,quiet
2018-11-29,-11.311848958333334,2.0,quiet
2018-11-30,-12.925264630998884,1.33,quiet
2018-12-01,-20.4697265625,3.0,quiet
2018-12-02,-19.18828125,3.67,quiet
2018-12-03,-31.408854166666668,3.0,disturbance
2018-12-04,-18.793619791666668,3.0,quiet
2018-12-05,nan,2.0,missing
2018-12-06,-9.263113839285714,2.0,quiet
2018-12-07,-18.881510416666668,3.33,quiet
2018-12-08,-19.65234375,3.33,quiet
2018-12-09,-14.566015625,3.67,quiet
2018-12-10,-11.861002604166666,3.0,quiet
2018-12-11,-11.647786458333334,2.67,quiet
2018-12-12,-10.585286458333334,2.0,quiet
2018-12-13,-7.5234375,1.0,quiet
2018-12-14,nan,0.67,missing
2018-12-15,nan,0.33,missing
2018-12-16,-11.2275390625,0.67,quiet
2018-12-17,-39.1552734375,2.33,disturbance
2018-12-18,-34.3115234375,2.67,disturbance
2018-12-19,-12.90576171875,2.0,quiet
2018-12-20,-15.192057291666666,3.0,quiet
2018-12-21,-5.952473958333333,2.0,quiet
2018-12-22,-13.669270833333334,1.0,quiet
2018-12-23,nan,0.67,missing
2018-12-24,nan,1.33,missing
2018-12-25,-14.0205078125,1.67,quiet
2018-12-26,-13.561941964285714,1.0,quiet
2018-12-27,-14.669270833333334,2.33,quiet
2018-12-28,-28.385416666666668,4.33,disturbance
2018-12-29,-14.118489583333334,3.0,quiet
2018-12-30,-14.797154017857142,3.0,quiet
2018-12-31,-24.422526041666668,3.0,quiet
2019-01-01,-14.26513671875,2.67,quiet
2019-01-02,-6.794140625,0.33,quiet
2019-01-03,-8.97734375,1.0,quiet
2019-01-04,-35.15625,3.33,disturbance
2019-01-05,-51.443359375,5.0,disturbance
2019-01-06,-8.3703125,3.0,quiet
2019-01-07,-11.071940104166666,2.33,quiet
2019-01-08,-10.1396484375,2.33,quiet
2019-01-09,-11.841145833333334,1.67,quiet
2019-01-10,-12.39697265625,1.33,quiet
2019-01-11,-10.81298828125,3.33,quiet
2019-01-12,-11.5234375,1.0,quiet
2019-01-13,-12.8828125,1.0,quiet
2019-01-14,nan,2.67,missing
2019-01-15,-15.762369791666666,2.67,quiet
2019-01-16,-49.654947916666664,2.67,disturbance
2019-01-17,-43.796875,2.67,disturbance
2019-01-18,-18.520182291666668,2.0,quiet
2019-01-19,-20.372395833333332,2.67,quiet
2019-01-20,-11.789713541666666,1.67,quiet
2019-01-21,-9.376953125,1.67,quiet
2019-01-22,-12.107421875,2.0,quiet
2019-01-23,-25.306640625,4.0,disturbance
2019-01-24,-20.37890625,4.33,disturbance
2019-01-25,-17.501627604166668,3.33,quiet
2019-01-26,-14.9306640625,3.0,quiet
2019-01-27,-6.9716796875,2.0,quiet
2019-01-28,-15.052734375,0.67,quiet
2019-01-29,-5.595703125,1.67,quiet
2019-01-30,-10.173177083333334,1.0,quiet
2019-01-31,-67.142578125,5.33,disturbance
2019-02-01,-26.24453125,3.67,quiet
2019-02-02,-17.222981770833332,4.0,disturbance
2019-02-03,-26.3662109375,3.33,quiet
2019-02-04,-25.345703125,3.0,quiet
2019-02-05,-22.666796875,3.0,quiet
2019-02-06,-31.43017578125,2.67,disturbance
2019-02-07,-21.678385416666668,2.0,quiet
2019-02-08,-16.67578125,3.67,quiet
2019-02-09,-30.074869791666668,3.0,disturbance
2019-02-10,-10.250651041666666,2.67,quiet
2019-02-11,-37.34375,3.0,disturbance
2019-02-12,-23.473958333333332,2.33,quiet
2019-02-13,-50.5419921875,3.67,disturbance
2019-02-14,-19.485677083333332,3.33,quiet
2019-02-15,-8.115885416666666,2.33,quiet
2019-02-16,-14.392578125,2.0,quiet
2019-02-17,-7.48046875,2.33,quiet
2019-02-18,-19.172526041666668,3.0,quiet
2019-02-19,-7.63515625,1.0,quiet
2019-02-20,-24.754557291666668,1.67,quiet
2019-02-21,-34.512369791666664,3.67,disturbance
2019-02-22,-19.779947916666668,2.0,quiet
2019-02-23,-7.46484375,1.0,quiet
2019-02-24,-6.265625,1.0,quiet
2019-02-25,-9.416666666666666,0.67,quiet
2019-02-26,-12.045572916666666,1.0,quiet
2019-02-27,nan,4.0,missing
2019-02-28,-21.55859375,4.67,disturbance
2019-03-01,-31.67578125,4.33,disturbance
2019-03-02,-22.787760416666668,4.0,disturbance
2019-03-03,-16.412109375,2.67,quiet
2019-03-04,-25.627511160714285,2.33,quiet
2019-03-05,-22.438802083333332,2.33,quiet
2019-03-06,-16.51640625,3.0,quiet
2019-03-07,-30.72900390625,2.67,disturbance
2019-03-08,-23.07373046875,2.67,quiet
2019-03-09,-15.87109375,2.33,quiet
2019-03-10,-20.462239583333332,2.33,quiet
2019-03-11,-17.666015625,1.33,quiet
2019-03-12,-19.7875,2.67,quiet
2019-03-13,-12.870442708333334,1.67,quiet
2019-03-14,-33.24140625,3.0,disturbance
2019-03-15,-38.046875,2.67,disturbance
2019-03-16,-42.768880208333336,4.67,disturbance
2019-03-17,-62.76171875,4.67,disturbance
2019-03-18,-9.048828125,0.67,quiet
2019-03-19,-21.525390625,2.67,quiet
2019-03-20,-12.949869791666666,1.67,quiet
2019-03-21,-9.654296875,1.0,quiet
2019-03-22,-7.0703125,0.67,quiet
2019-03-23,-8.2255859375,1.0,quiet
2019-03-24,-7.444010416666667,2.0,quiet
2019-03-25,-15.17890625,2.33,quiet
2019-03-26,-22.455078125,2.33,quiet
2019-03-27,-23.477864583333332,2.67,quiet
2019-03-28,-27.985026041666668,3.0,quiet
2019-03-29,-11.123697916666666,2.0,quiet
2019-03-30,-14.242838541666666,2.0,quiet
2019-03-31,-34.953125,3.67,disturbance
2019-04-01,-23.609375,2.67,quiet
2019-04-02,-12.05625,3.33,quiet
2019-04-03,-42.838541666666664,3.33,disturbance
2019-04-04,-39.20390625,3.67,disturbance
2019-04-05,-21.0046875,3.33,quiet
2019-04-06,-11.056640625,3.0,quiet
2019-04-07,-13.30078125,2.0,quiet
2019-04-08,-27.282552083333332,3.33,quiet
2019-04-09,-28.751953125,3.33,quiet
2019-04-10,-32.520182291666664,4.0,disturbance
2019-04-11,-13.62109375,2.67,quiet
2019-04-12,-16.468424479166668,3.0,quiet
2019-04-13,-14.926432291666666,3.0,quiet
2019-04-14,-10.543619791666666,1.67,quiet
2019-04-15,-16.10009765625,2.33,quiet
2019-04-16,-16.293619791666668,2.33,quiet
2019-04-17,-10.916015625,1.67,quiet
2019-04-18,-8.2640625,1.0,quiet
2019-04-19,-18.145182291666668,1.67,quiet
2019-04-20,-8.39453125,1.33,quiet
2019-04-21,-14.7529296875,1.67,quiet
2019-04-22,-8.5453125,1.33,quiet
2019-04-23,-39.779296875,3.33,disturbance
2019-04-24,-26.095703125,3.0,quiet
2019-04-25,-18.13203125,1.67,quiet
2019-04-26,-11.740234375,1.67,quiet
2019-04-27,-23.16796875,2.0,quiet
2019-04-28,-11.295572916666666,2.0,quiet
2019-04-29,-16.6982421875,2.0,quiet
2019-04-30,-16.37890625,1.67,quiet
2019-05-01,-24.426432291666668,4.0,disturbance
2019-05-02,-33.037109375,3.33,disturbance
2019-05-03,-20.213541666666668,2.67,quiet
2019-05-04,-16.223307291666668,2.67,quiet
2019-05-05,-14.526041666666666,1.33,quiet
2019-05-06,-14.229166666666666,1.67,quiet
2019-05-07,-15.869791666666666,2.0,quiet
2019-05-08,-8.944010416666666,1.0,quiet
2019-05-09,-16.896484375,2.33,quiet
2019-05-10,-37.708333333333336,3.0,disturbance
2019-05-11,-73.3234375,5.0,disturbance
2019-05-12,-26.6796875,1.67,quiet
2019-05-13,-19.867838541666668,2.67,quiet
2019-05-14,-38.482421875,6.33,disturbance
2019-05-15,-37.3701171875,2.33,disturbance
2019-05-16,-30.68359375,3.0,disturbance
2019-05-17,-29.8349609375,2.33,quiet
2019-05-18,-14.27001953125,2.0,quiet
2019-05-19,-13.214192708333334,1.67,quiet
2019-05-20,-25.8037109375,3.33,quiet
2019-05-21,-9.69921875,1.67,quiet
2019-05-22,nan,1.67,missing
2019-05-23,-32.9990234375,1.67,disturbance
2019-05-24,-21.28515625,1.67,quiet
2019-05-25,-10.826171875,1.67,quiet
2019-05-26,-7.58984375,3.0,quiet
2019-05-27,-23.251953125,3.33,quiet
2019-05-28,-12.143229166666666,3.0,quiet
2019-05-29,-28.94677734375,3.67,quiet
2019-05-30,-15.875651041666666,3.0,quiet
2019-05-31,-12.95654296875,1.67,quiet
2019-06-01,-7.646484375,1.0,quiet
2019-06-02,-14.100260416666666,2.0,quiet
2019-06-03,-14.190104166666666,1.33,quiet
2019-06-04,-29.652994791666668,2.33,quiet
2019-06-05,-19.429036458333332,2.33,quiet
2019-06-06,nan,0.67,missing
2019-06-07,-17.422526041666668,1.33,quiet
2019-06-08,-39.02890625,5.33,disturbance
2019-06-09,-26.811197916666668,3.0,quiet
2019-06-10,-10.955729166666666,0.67,quiet
2019-06-11,-12.274088541666666,0.67,quiet
2019-06-12,-10.086588541666666,1.33,quiet
2019-06-13,nan,4.0,missing
2019-06-14,-29.0078125,2.33,quiet
2019-06-15,nan,1.33,missing
2019-06-16,-14.207682291666666,1.33,quiet
2019-06-17,-14.257533482142858,1.0,quiet
2019-06-18,-12.267578125,1.33,quiet
2019-06-19,-10.302734375,1.0,quiet
2019-06-20,-20.339192708333332,2.33,quiet
2019-06-21,-11.1025390625,2.33,quiet
2019-06-22,-11.525390625,1.67,quiet
2019-06-23,-13.644205729166666,1.33,quiet
2019-06-24,nan,1.67,missing
2019-06-25,-13.068359375,1.33,quiet
2019-06-26,-18.017578125,1.67,quiet
2019-06-27,-19.871875,1.33,quiet
2019-06-28,-8.15234375,2.0,quiet
2019-06-29,-15.115234375,1.0,quiet
2019-06-30,-14.849609375,2.33,quiet
2019-07-01,-23.0517578125,3.0,quiet
2019-07-02,-19.078125,2.0,quiet
2019-07-03,-9.4609375,1.33,quiet
2019-07-04,-14.1390625,2.33,quiet
2019-07-05,-9.5712890625,1.67,quiet
2019-07-06,-10.9052734375,1.0,quiet
2019-07-07,-16.4609375,1.67,quiet
2019-07-08,nan,3.67,missing
2019-07-09,-20.708984375,5.0,disturbance
2019-07-10,-38.52734375,4.67,disturbance
2019-07-11,nan,3.0,missing
2019-07-12,-15.1984375,2.0,quiet
2019-07-13,-14.3828125,2.33,quiet
2019-07-14,-9.557942708333334,2.33,quiet
2019-07-15,-20.361328125,2.67,quiet
2019-07-16,-75.5505599975586,1.67,disturbance
2019-07-17,-12.4453125,2.33,quiet
2019-07-18,-11.016927083333334,1.33,quiet
2019-07-19,-9.634114583333334,1.0,quiet
2019-07-20,-8.860677083333334,0.67,quiet
2019-07-21,-20.83203125,3.67,quiet
2019-07-22,-19.047526041666668,2.33,quiet
2019-07-23,-17.48046875,2.0,quiet
2019-07-24,-15.149088541666666,1.33,quiet
2019-07-25,-8.886067708333334,1.0,quiet
2019-07-26,-6.3828125,0.33,quiet
2019-07-27,-18.0625,2.33,quiet
2019-07-28,nan,1.67,missing
2019-07-29,-17.802734375,1.67,quiet
2019-07-30,-24.83359375,3.33,quiet
2019-07-31,-18.506510416666668,2.67,quiet
2019-08-01,-20.852864583333332,3.33,quiet
2019-08-02,-10.826171875,1.0,quiet
2019-08-03,-23.720703125,0.67,quiet
2019-08-04,-13.246744791666666,1.67,quiet
2019-08-05,-68.91484375,5.33,disturbance
2019-08-06,nan,3.0,missing
2019-08-07,-18.349609375,2.33,quiet
2019-08-08,nan,2.67,missing
2019-08-09,-13.705078125,2.67,quiet
2019-08-10,-19.875,2.67,quiet
2019-08-11,-14.463541666666666,2.33,quiet
2019-08-12,-14.856119791666666,1.67,quiet
2019-08-13,-19.085286458333332,2.0,quiet
2019-08-14,-10.2216796875,1.33,quiet
2019-08-15,-9.787760416666666,1.33,quiet
2019-08-16,nan,2.0,missing
2019-08-17,nan,2.0,missing
2019-08-18,-17.806640625,2.67,quiet
2019-08-19,nan,1.0,missing
2019-08-20,-8.662109375,1.67,quiet
2019-08-21,-14.044921875,1.33,quiet
2019-08-22,-15.1630859375,2.33,quiet
2019-08-23,-13.1435546875,1.67,quiet
2019-08-24,nan,2.0,missing
2019-08-25,-10.495442708333334,1.67,quiet
2019-08-26,-26.2109375,2.33,quiet
2019-08-27,-25.232421875,3.0,quiet
2019-08-28,nan,2.0,missing
2019-08-29,-13.4638671875,1.67,quiet
2019-08-30,nan,3.33,missing
2019-08-31,-59.48046875,5.67,disturbance
2019-09-01,-23.2275390625,5.33,disturbance
2019-09-02,-34.748046875,5.0,disturbance
2019-09-03,-11.1318359375,3.0,quiet
2019-09-04,-16.216796875,3.0,quiet
2019-09-05,-29.833984375,4.0,disturbance
2019-09-06,-14.572265625,3.33,quiet
2019-09-07,-12.49365234375,2.33,quiet
2019-09-08,-41.018229166666664,2.67,disturbance
2019-09-09,-42.793619791666664,3.33,disturbance
2019-09-10,-15.6015625,2.0,quiet
2019-09-11,-14.802083333333334,2.0,quiet
2019-09-12,-21.94140625,2.0,quiet
2019-09-13,-14.470703125,2.67,quiet
2019-09-14,-13.998046875,2.0,quiet
2019-09-15,-13.7177734375,3.0,quiet
2019-09-16,-21.776041666666668,4.0,disturbance
2019-09-17,-19.07421875,3.67,quiet
2019-09-18,-16.4765625,3.0,quiet
2019-09-19,-11.897786458333334,1.33,quiet
2019-09-20,-9.642578125,1.0,quiet
2019-09-21,-33.0,2.33,disturbance
2019-09-22,-29.81640625,2.33,quiet
2019-09-23,-9.609375,1.33,quiet
2019-09-24,-21.55859375,3.67,quiet
2019-09-25,-9.283203125,2.0,quiet
2019-09-26,-9.44921875,2.33,quiet
2019-09-27,-89.20182291666667,5.33,disturbance
2019-09-28,-43.143229166666664,4.67,disturbance
2019-09-29,-33.367838541666664,3.67,disturbance
2019-09-30,-39.1171875,3.67,disturbance
2019-10-01,-21.514322916666668,4.0,disturbance
2019-10-02,-12.31884765625,3.0,quiet
2019-10-03,-11.373046875,1.67,quiet
2019-10-04,-23.16015625,2.67,quiet
2019-10-05,-22.356770833333332,3.0,quiet
2019-10-06,-11.688802083333334,2.0,quiet
2019-10-07,-24.233072916666668,2.67,quiet
2019-10-08,-12.475260416666666,1.67,quiet
2019-10-09,-41.98828125,3.67,disturbance
2019-10-10,-24.7392578125,4.33,disturbance
2019-10-11,-15.936197916666666,3.0,quiet
2019-10-12,-6.893229166666667,2.0,quiet
2019-10-13,-9.452473958333334,0.67,quiet
2019-10-14,-20.072916666666668,2.0,quiet
2019-10-15,-16.71875,2.33,quiet
2019-10-16,-14.065104166666666,2.0,quiet
2019-10-17,-10.522135416666666,1.67,quiet
2019-10-18,-10.498697916666666,2.0,quiet
2019-10-19,-12.712239583333334,1.67,quiet
2019-10-20,-19.774739583333332,2.33,quiet
2019-10-21,-20.975260416666668,2.67,quiet
2019-10-22,-9.793619791666666,1.33,quiet
2019-10-23,-8.767578125,0.67,quiet
2019-10-24,-40.94140625,4.33,disturbance
2019-10-25,-46.572916666666664,5.33,disturbance
2019-10-26,-38.545572916666664,4.67,disturbance
2019-10-27,-24.303385416666668,4.0,disturbance
2019-10-28,-17.26171875,3.33,quiet
2019-10-29,-23.477864583333332,3.0,quiet
2019-10-30,-23.12109375,2.33,quiet
2019-10-31,-38.083333333333336,3.67,disturbance
2019-11-01,-12.139973958333334,2.33,quiet
2019-11-02,-7.841796875,1.0,quiet
2019-11-03,-11.4228515625,1.0,quiet
2019-11-04,-26.85546875,2.0,quiet
2019-11-05,-22.8203125,2.0,quiet
2019-11-06,-17.666015625,2.67,quiet
2019-11-07,-11.345703125,2.0,quiet
2019-11-08,-9.14453125,1.0,quiet
2019-11-09,nan,2.33,missing
2019-11-10,-16.830078125,1.33,quiet
2019-11-11,nan,2.67,missing
2019-11-12,-14.427734375,2.33,quiet
2019-11-13,-9.763671875,1.33,quiet
2019-11-14,nan,2.0,missing
2019-11-15,-9.01904296875,1.33,quiet
2019-11-16,nan,2.33,missing
2019-11-17,nan,2.67,missing
2019-11-18,-10.190104166666666,0.33,quiet
2019-11-19,nan,1.33,missing
2019-11-20,-12.255859375,1.0,quiet
2019-11-21,-29.7197265625,3.67,quiet
2019-11-22,-18.779296875,4.0,disturbance
2019-11-23,-35.677734375,3.0,disturbance
2019-11-24,-12.4091796875,3.33,quiet
2019-11-25,-21.814453125,2.0,quiet
2019-11-26,-11.243489583333334,2.0,quiet
2019-11-27,-14.3203125,2.0,quiet
2019-11-28,-16.007161458333332,1.67,quiet
2019-11-29,-24.790364583333332,2.67,quiet
2019-11-30,-16.639322916666668,1.33,quiet
2019-12-01,-12.013671875,1.67,quiet
2019-12-02,-8.643229166666666,1.0,quiet
2019-12-03,-8.190755208333334,0.33,quiet
2019-12-04,-16.6171875,1.67,quiet
2019-12-05,-17.397135416666668,0.67,quiet
2019-12-06,-9.595703125,1.0,quiet
2019-12-07,nan,0.67,missing
2019-12-08,-16.697265625,1.33,quiet
2019-12-09,-14.240885416666666,2.67,quiet
2019-12-10,-9.888671875,2.0,quiet
2019-12-11,-11.26953125,2.67,quiet
2019-12-12,-13.272135416666666,1.67,quiet
2019-12-13,-10.478515625,2.0,quiet
2019-12-14,-10.3828125,1.33,quiet
2019-12-15,-10.16015625,2.33,quiet
2019-12-16,-43.4169921875,1.0,disturbance
2019-12-17,nan,1.0,missing
2019-12-18,-32.677734375,4.0,disturbance
2019-12-19,-23.677734375,3.67,quiet
2019-12-20,-12.582682291666666,2.33,quiet
2019-12-21,nan,2.33,missing
2019-12-22,nan,1.67,missing
2019-12-23,-11.259765625,1.33,quiet
2019-12-24,-16.042317708333332,1.33,quiet
2019-12-25,-25.6748046875,1.67,quiet
2019-12-26,-9.24609375,2.33,quiet
2019-12-27,nan,1.0,missing
2019-12-28,-6.173828125,0.67,quiet
2019-12-29,-9.806640625,0.67,quiet
2019-12-30,-14.085286458333334,0.67,quiet
2019-12-31,-18.334635416666668,1.33,quiet
2020-01-01,-11.125,1.33,quiet
2020-01-02,-9.9765625,1.0,quiet
2020-01-03,-26.166015625,2.67,quiet
2020-01-04,-22.404296875,2.33,quiet
2020-01-05,-28.9921875,3.33,quiet
2020-01-06,-24.501302083333332,3.33,quiet
2020-01-07,nan,2.0,missing
2020-01-08,-28.806640625,2.67,quiet
2020-01-09,-25.541015625,3.67,quiet
2020-01-10,nan,2.33,missing
2020-01-11,-10.248046875,2.33,quiet
2020-01-12,-7.935546875,1.67,quiet
2020-01-13,-10.6337890625,0.67,quiet
2020-01-14,-12.271484375,0.67,quiet
2020-01-15,-18.693359375,2.0,quiet
2020-01-16,-21.3359375,2.33,quiet
2020-01-17,nan,1.33,missing
2020-01-18,-13.4375,1.67,quiet
2020-01-19,-7.38671875,0.67,quiet
2020-01-20,-5.149088541666667,0.33,quiet
2020-01-21,-24.783203125,2.67,quiet
2020-01-22,-19.9765625,3.0,quiet
2020-01-23,-22.7001953125,2.33,quiet
2020-01-24,nan,1.0,missing
2020-01-25,-11.938151041666666,2.33,quiet
2020-01-26,-9.841796875,1.67,quiet
2020-01-27,-7.360026041666667,1.0,quiet
2020-01-28,-35.62109375,3.0,disturbance
2020-01-29,-28.9384765625,3.33,quiet
2020-01-30,-29.7607421875,3.33,quiet
2020-01-31,-23.041015625,3.67,quiet
2020-02-01,-24.953125,2.33,quiet
2020-02-02,-19.197916666666668,2.33,quiet
2020-02-03,-15.444010416666666,2.0,quiet
2020-02-04,-18.654296875,2.67,quiet
2020-02-05,-8.65234375,2.0,quiet
2020-02-06,-22.999348958333332,4.0,disturbance
2020-02-07,-24.366536458333332,3.33,quiet
2020-02-08,-21.41796875,2.67,quiet
2020-02-09,-7.44921875,2.67,quiet
2020-02-10,-9.392578125,2.0,quiet
2020-02-11,-14.533203125,3.0,quiet
2020-02-12,-15.1396484375,2.0,quiet
2020-02-13,-9.493489583333334,1.33,quiet
2020-02-14,nan,1.67,missing
2020-02-15,-21.51953125,2.67,quiet
2020-02-16,nan,2.33,missing
2020-02-17,nan,3.0,missing
2020-02-18,-52.916015625,3.67,disturbance
2020-02-19,-28.852864583333332,4.0,disturbance
2020-02-20,-32.3984375,2.67,disturbance
2020-02-21,-18.486979166666668,3.67,quiet
2020-02-22,-18.451171875,2.67,quiet
2020-02-23,-19.251953125,2.33,quiet
2020-02-24,-15.52734375,2.0,quiet
2020-02-25,-10.76953125,1.33,quiet
2020-02-26,-11.819661458333334,2.33,quiet
2020-02-27,-17.4921875,2.0,quiet
2020-02-28,-23.357421875,2.33,quiet
2020-02-29,nan,3.67,missing
2020-03-01,nan,3.33,missing
2020-03-02,-14.59765625,2.0,quiet
2020-03-03,-18.509765625,2.0,quiet
2020-03-04,-26.580078125,3.0,quiet
2020-03-05,-15.826171875,1.67,quiet
2020-03-06,-26.271484375,2.0,quiet
2020-03-07,-26.1240234375,2.0,quiet
2020-03-08,-13.4296875,1.67,quiet
2020-03-09,-20.242838541666668,2.0,quiet
2020-03-10,-13.349609375,2.0,quiet
2020-03-11,-8.01953125,1.67,quiet
2020-03-12,nan,2.67,missing
2020-03-13,nan,2.67,missing
2020-03-14,-7.056640625,1.0,quiet
2020-03-15,-13.888671875,1.67,quiet
2020-03-16,-27.076171875,2.0,quiet
2020-03-17,-13.33984375,1.67,quiet
2020-03-18,-20.1015625,3.0,quiet
2020-03-19,-26.373697916666668,4.33,disturbance
2020-03-20,-36.466796875,2.67,disturbance
2020-03-21,-19.346354166666668,3.0,quiet
2020-03-22,-16.088541666666668,2.33,quiet
2020-03-23,-24.5390625,3.33,quiet
2020-03-24,nan,2.67,missing
2020-03-25,-8.6171875,1.67,quiet
2020-03-26,-21.477864583333332,3.0,quiet
2020-03-27,nan,2.0,missing
2020-03-28,-19.287109375,2.33,quiet
2020-03-29,nan,3.33,missing
2020-03-30,-20.2080078125,4.0,disturbance
2020-03-31,-60.876953125,4.0,disturbance
2020-04-01,-16.1708984375,2.33,quiet
2020-04-02,-17.0234375,2.67,quiet
2020-04-03,-40.905598958333336,3.67,disturbance
2020-04-04,-19.977213541666668,2.0,quiet
2020-04-05,-15.2578125,1.67,quiet
2020-04-06,-14.0107421875,1.0,quiet
2020-04-07,-24.674479166666668,2.0,quiet
2020-04-08,-32.9580078125,3.67,disturbance
2020-04-09,-20.6435546875,1.67,quiet
2020-04-10,-8.736328125,2.33,quiet
2020-04-11,-12.077473958333334,3.33,quiet
2020-04-12,-11.6943359375,2.67,quiet
2020-04-13,-12.046875,1.67,quiet
2020-04-14,-28.533854166666668,3.33,quiet
2020-04-15,nan,3.0,missing
2020-04-16,-13.50390625,2.0,quiet
2020-04-17,-18.7890625,1.33,quiet
2020-04-18,-27.25,1.67,quiet
2020-04-19,nan,0.67,missing
2020-04-20,nan,4.67,missing
2020-04-21,nan,3.33,missing
2020-04-22,nan,3.0,missing
2020-04-23,nan,1.67,missing
2020-04-24,-28.369140625,2.67,quiet
2020-04-25,nan,2.33,missing
2020-04-26,-16.2998046875,2.67,quiet
2020-04-27,-19.77734375,2.67,quiet
2020-04-28,-26.5771484375,2.67,quiet
2020-04-29,-11.900390625,1.0,quiet
2020-04-30,nan,1.0,missing
2020-05-01,nan,2.0,missing
2020-05-02,-19.392578125,1.67,quiet
2020-05-03,-15.01171875,2.67,quiet
2020-05-04,-12.3251953125,2.0,quiet
2020-05-05,nan,2.0,missing
2020-05-06,nan,3.33,missing
2020-05-07,-15.55078125,1.33,quiet
2020-05-08,-23.37109375,1.33,quiet
2020-05-09,-23.671875,0.67,quiet
2020-05-10,-19.275390625,2.33,quiet
2020-05-11,-18.8310546875,1.67,quiet
2020-05-12,-90.119140625,2.33,disturbance
2020-05-13,-11.7841796875,1.33,quiet
2020-05-14,-14.9541015625,0.33,quiet
2020-05-15,-10.1552734375,1.0,quiet
2020-05-16,nan,1.67,missing
2020-05-17,-11.251953125,1.0,quiet
2020-05-18,nan,2.0,missing
2020-05-19,-19.7353515625,1.67,quiet
2020-05-20,nan,1.0,missing
2020-05-21,nan,2.0,missing
2020-05-22,nan,2.33,missing
2020-05-23,-18.61328125,1.67,quiet
2020-05-24,-15.892578125,2.33,quiet
2020-05-25,-25.341796875,2.0,quiet
2020-05-26,-11.5185546875,1.67,quiet
2020-05-27,-11.9462890625,1.33,quiet
2020-05-28,nan,1.0,missing
2020-05-29,nan,1.67,missing
2020-05-30,-45.330078125,3.33,disturbance
2020-05-31,nan,1.0,missing
2020-06-01,nan,2.67,missing
2020-06-02,-21.77734375,3.0,quiet
2020-06-03,-12.10546875,1.0,quiet
2020-06-04,-10.6279296875,1.67,quiet
2020-06-05,-7.626953125,1.33,quiet
2020-06-06,-13.087890625,1.33,quiet
2020-06-07,-23.824869791666668,3.67,quiet
2020-06-08,nan,2.0,missing
2020-06-09,-25.2578125,2.67,quiet
2020-06-10,-13.401041666666666,2.33,quiet
2020-06-11,-9.240234375,1.67,quiet
2020-06-12,-8.93359375,1.0,quiet
2020-06-13,-21.0,1.33,quiet
2020-06-14,nan,1.0,missing
2020-06-15,nan,1.33,missing
2020-06-16,-14.404296875,2.33,quiet
2020-06-17,-15.150390625,1.67,quiet
2020-06-18,-22.98046875,1.67,quiet
2020-06-19,-10.869140625,1.67,quiet
2020-06-20,-16.070963541666668,2.33,quiet
2020-06-21,-10.458984375,1.33,quiet
2020-06-22,-12.73828125,1.0,quiet
2020-06-23,-17.27685546875,1.33,quiet
2020-06-24,-17.995442708333332,1.0,quiet
2020-06-25,nan,1.0,missing
2020-06-26,-15.953776041666666,2.67,quiet
2020-06-27,-28.6513671875,2.67,quiet
2020-06-28,-17.211588541666668,1.0,quiet
2020-06-29,nan,0.67,missing
2020-06-30,nan,1.67,missing
2020-07-01,-16.0390625,2.33,quiet
2020-07-02,nan,1.33,missing
2020-07-03,-8.71875,1.0,quiet
2020-07-04,nan,3.0,missing
2020-07-05,-27.899088541666668,3.33,quiet
2020-07-06,-8.052734375,1.33,quiet
2020-07-07,-10.671875,1.67,quiet
2020-07-08,-9.04296875,0.67,quiet
2020-07-09,-7.853515625,1.0,quiet
2020-07-10,-9.685546875,1.33,quiet
2020-07-11,-7.873046875,1.0,quiet
2020-07-12,-15.53515625,0.67,quiet
2020-07-13,-60.707682291666664,2.67,disturbance
2020-07-14,-54.595703125,3.67,disturbance
2020-07-15,-15.578125,2.0,quiet
2020-07-16,-13.22705078125,1.67,quiet
2020-07-17,-62.208984375,1.33,disturbance
2020-07-18,-8.357421875,1.33,quiet
2020-07-19,-34.918294270833336,1.67,disturbance
2020-07-20,nan,1.0,missing
2020-07-21,-14.424479166666666,1.67,quiet
2020-07-22,nan,1.33,missing
2020-07-23,nan,1.0,missing
2020-07-24,nan,3.67,missing
2020-07-25,-72.28385416666667,4.0,disturbance
2020-07-26,-9.763671875,1.0,quiet
2020-07-27,-18.096354166666668,1.0,quiet
2020-07-28,-20.455078125,2.0,quiet
2020-07-29,-14.067708333333334,2.0,quiet
2020-07-30,nan,1.67,missing
2020-07-31,nan,1.33,missing
2020-08-01,nan,1.0,missing
2020-08-02,-55.474609375,3.33,disturbance
2020-08-03,-30.192708333333332,3.33,disturbance
2020-08-04,-14.162760416666666,3.33,quiet
2020-08-05,nan,2.33,missing
2020-08-06,-14.739583333333334,2.0,quiet
2020-08-07,nan,1.67,missing
2020-08-08,-12.443359375,2.0,quiet
2020-08-09,-9.740234375,0.67,quiet
2020-08-10,-6.37890625,0.67,quiet
2020-08-11,-8.53515625,1.0,quiet
2020-08-12,-13.086588541666666,1.33,quiet
2020-08-13,-9.197916666666666,1.67,quiet
2020-08-14,-12.843098958333334,1.67,quiet
2020-08-15,-12.07421875,1.0,quiet
2020-08-16,-21.288411458333332,1.0,quiet
2020-08-17,-7.6953125,1.0,quiet
2020-08-18,nan,3.0,missing
2020-08-19,-18.970703125,2.67,quiet
2020-08-20,nan,1.0,missing
2020-08-21,-22.626953125,1.67,quiet
2020-08-22,nan,2.33,missing
2020-08-23,-26.255859375,2.67,quiet
2020-08-24,nan,0.67,missing
2020-08-25,-11.8349609375,1.0,quiet
2020-08-26,-19.171223958333332,2.33,quiet
2020-08-27,-27.921875,3.33,quiet
2020-08-28,-32.119140625,4.67,disturbance
2020-08-29,-23.154296875,3.33,quiet
2020-08-30,-39.676432291666664,3.33,disturbance
2020-08-31,-39.402994791666664,4.67,disturbance
2020-09-01,-20.621744791666668,4.33,disturbance
2020-09-02,-30.143880208333332,2.67,disturbance
2020-09-03,-10.856770833333334,1.67,quiet
2020-09-04,-31.646484375,2.67,disturbance
2020-09-05,-19.193359375,2.0,quiet
2020-09-06,-10.944010416666666,2.0,quiet
2020-09-07,-16.40625,1.33,quiet
2020-09-08,-12.998697916666666,1.33,quiet
2020-09-09,nan,0.67,missing
2020-09-10,nan,1.0,missing
2020-09-11,nan,1.0,missing
2020-09-12,-10.061848958333334,2.0,quiet
2020-09-13,nan,3.0,missing
2020-09-14,nan,3.33,missing
2020-09-15,-107.73828125,2.33,disturbance
2020-09-16,-16.2890625,1.0,quiet
2020-09-17,-60.365885416666664,1.33,disturbance
2020-09-18,-54.58203125,1.67,disturbance
2020-09-19,nan,1.0,missing
2020-09-20,nan,2.33,missing
2020-09-21,-32.658854166666664,1.0,disturbance
2020-09-22,-65.7783203125,2.67,disturbance
2020-09-23,-91.657958984375,3.67,disturbance
2020-09-24,nan,5.67,missing
2020-09-25,nan,4.33,missing
2020-09-26,-91.94466145833333,4.67,disturbance
2020-09-27,nan,5.33,missing
2020-09-28,-92.73958333333333,5.0,disturbance
2020-09-29,nan,4.0,missing
2020-09-30,-96.51057942708333,4.0,disturbance
2020-10-01,nan,3.33,missing
2020-10-02,nan,2.67,missing
2020-10-03,nan,1.67,missing
2020-10-04,nan,1.67,missing
2020-10-05,nan,4.33,missing
2020-10-06,-111.5234375,3.67,disturbance
2020-10-07,nan,2.33,missing
2020-10-08,nan,0.67,missing
2020-10-09,-13.40625,0.33,quiet
2020-10-10,nan,0.67,missing
2020-10-11,-108.001953125,1.33,disturbance
2020-10-12,nan,1.33,missing
2020-10-13,nan,1.0,missing
2020-10-14,nan,0.0,missing
2020-10-15,nan,1.0,missing
2020-10-16,-75.66861979166667,1.33,disturbance
2020-10-17,nan,2.0,missing
2020-10-18,nan,1.0,missing
2020-10-19,-58.18798828125,3.0,disturbance
2020-10-20,nan,2.33,missing
2020-10-21,-76.4603271484375,3.67,disturbance
2020-10-22,-41.131184895833336,3.33,disturbance
2020-10-23,-40.053515625,4.67,disturbance
2020-10-24,-115.59423828125,4.0,disturbance
2020-10-25,nan,3.67,missing
2020-10-26,-48.6501953125,3.67,disturbance
2020-10-27,nan,3.33,missing
2020-10-28,nan,3.33,missing
2020-10-29,-61.52978515625,4.0,disturbance
2020-10-30,nan,2.0,missing
2020-10-31,nan,2.33,missing
2020-11-01,nan,3.0,missing
2020-11-02,nan,1.0,missing
2020-11-03,nan,1.67,missing
2020-11-04,-61.902099609375,0.67,disturbance
2020-11-05,-68.3873291015625,1.67,disturbance
2020-11-06,-63.324951171875,2.67,disturbance
2020-11-07,-62.64189453125,3.0,disturbance
2020-11-08,-62.526123046875,2.0,disturbance
2020-11-09,-60.672119140625,0.0,disturbance
2020-11-10,-49.92421875,0.33,disturbance
2020-11-11,-127.330322265625,2.0,disturbance
2020-11-12,-94.2197265625,1.33,disturbance
2020-11-13,-80.83805338541667,1.0,disturbance
2020-11-14,-64.07568359375,2.0,disturbance
2020-11-15,-45.900634765625,2.0,disturbance
2020-11-16,-92.05501302083333,0.33,disturbance
2020-11-17,-72.439453125,1.0,disturbance
2020-11-18,-71.62353515625,1.33,disturbance
2020-11-19,-73.97705078125,1.33,disturbance
2020-11-20,-87.99576822916667,3.0,disturbance
2020-11-21,-89.03173828125,3.33,disturbance
2020-11-22,-61.155924479166664,4.67,disturbance
2020-11-23,-69.9207763671875,2.67,disturbance
2020-11-24,-58.33203125,1.67,disturbance
2020-11-25,-54.51884765625,2.67,disturbance
2020-11-26,-71.54443359375,2.33,disturbance
2020-11-27,-21.3125,2.67,quiet
2020-11-28,-59.631689453125,3.33,disturbance
2020-11-29,-78.2093505859375,2.0,disturbance
2020-11-30,-72.9097900390625,3.33,disturbance
2020-12-01,-58.2108154296875,1.0,disturbance
2020-12-02,-68.726806640625,1.33,disturbance
2020-12-03,-29.421875,1.67,quiet
2020-12-04,-50.813069661458336,0.33,disturbance
2020-12-05,nan,2.67,missing
2020-12-06,-52.2400390625,2.33,disturbance
2020-12-07,-60.30390625,0.67,disturbance
2020-12-08,-51.903515625,1.67,disturbance
2020-12-09,-56.51171875,3.0,disturbance
2020-12-10,-59.1617431640625,3.33,disturbance
2020-12-11,-40.78076171875,2.67,disturbance
2020-12-12,-77.77587890625,1.67,disturbance
2020-12-13,-62.08701171875,3.0,disturbance
2020-12-14,-62.11044921875,1.67,disturbance
2020-12-15,-55.880696614583336,1.33,disturbance
2020-12-16,-32.8298828125,1.0,disturbance
2020-12-17,-141.923583984375,0.67,disturbance
2020-12-18,-56.88935546875,0.67,disturbance
2020-12-19,-60.23388671875,2.0,disturbance
2020-12-20,-64.569140625,1.33,disturbance
2020-12-21,-90.52734375,4.33,disturbance
2020-12-22,-153.959228515625,3.33,disturbance
2020-12-23,-44.998291015625,4.33,disturbance
2020-12-24,-55.7071533203125,3.0,disturbance
2020-12-25,-62.37744140625,2.33,disturbance
2020-12-26,-13.971354166666666,2.0,quiet
2020-12-27,-44.446614583333336,2.0,disturbance
2020-12-28,-18.185546875,2.33,quiet
2020-12-29,-16.6298828125,2.67,quiet
2020-12-30,-17.496744791666668,2.67,quiet
2020-12-31,-13.7177734375,1.33,quiet
2021-01-01,-8.6162109375,1.33,quiet
